Price,Close,High,Low,Open,Volume
Ticker,AAPL,AAPL,AAPL,AAPL,AAPL
Date,,,,,
2020-01-02,72.7160873413086,72.77661346571647,71.46682724691692,71.72103401405282,135480400
2020-01-03,72.00910186767578,72.77172916472097,71.78394657407523,71.94131293879263,146322800
2020-01-06,72.58290100097656,72.62163859417052,70.87606782262263,71.12785848416316,118387200
2020-01-07,72.24154663085938,72.84922374466596,72.02123070618616,72.59259363206662,108872000
2020-01-08,73.40365600585938,73.70628659812324,71.9437663243162,71.9437663243162,132079200
2020-01-09,74.96281433105469,75.15649496744561,74.13239770457567,74.38418105419532,170108400
2020-01-10,75.13226318359375,75.69879404161257,74.62868922900458,75.19763610714092,140644800
2020-01-13,76.73743438720703,76.764069722162,75.33080794077236,75.44944416084779,121532000
2020-01-14,75.70121765136719,76.88511195829709,75.57774940600967,76.67448226895164,161954400
2020-01-15,75.37678527832031,76.3839404992497,74.9434163205122,75.50026089033786,121923600
2020-01-16,76.32099151611328,76.43236486391163,75.55836410557868,75.92152071901803,108829200
2020-01-17,77.16594696044922,77.16836298058836,76.26289478458983,76.57036474816839,137816400
2020-01-21,76.64301300048828,77.23616451241722,76.50501168087581,76.79311658809118,110843200
2020-01-22,76.91658020019531,77.47099402402007,76.82215592624772,77.1296258918447,101832400
2020-01-23,77.28699493408203,77.3668861399878,76.42025699227077,76.96983874202517,104472000
2020-01-24,77.06424713134766,78.2796084989247,76.87298259611883,77.5339302350096,146537600
2020-01-27,74.79818725585938,75.48091632174767,73.81282018047104,75.06691970090553,161940000
2020-01-28,76.91415405273438,77.08604612277858,75.58257973802782,75.68184343719155,162234000
2020-01-29,78.52415466308594,79.37394362780475,77.80752757594179,78.55078999397739,216229200
2020-01-30,78.41036224365234,78.46362551493233,77.17078871761717,77.60415772537527,126743200
2020-01-31,74.93374633789062,78.12225762194025,74.63837863048332,77.69857485901245,199588400
2020-02-03,74.72795104980469,75.89731214570682,73.16879799630816,73.67237193822604,173788400
2020-02-04,77.19501495361328,77.38627956164633,75.93122927201843,76.33796302533938,136616400
2020-02-05,77.8244857788086,78.62585099313237,77.21922459648295,78.32563642255818,118826800
2020-02-06,78.73477172851562,78.73719513687406,77.53635935306664,78.09561993929752,105425600
2020-02-07,77.6645736694336,78.48240085764334,77.1719355094332,78.23244174012544,117684000
2020-02-10,78.03343200683594,78.03343200683594,76.16480809009461,76.24488890405078,109348800
2020-02-11,77.5626449584961,78.60374012100387,77.34423530217373,78.53093937088862,94323200
2020-02-12,79.40458679199219,79.40943770675925,78.0140331926388,78.0140331926388,113730400
2020-02-13,78.8391342163086,79.16675238353734,78.47026476188894,78.67411425559266,94747600
2020-02-14,78.85855865478516,79.10851777495836,78.34893117896286,78.80759072301922,80113600
2020-02-18,77.41459655761719,77.59660579717271,76.34923225388421,76.53124149343974,152531200
2020-02-19,78.53579711914062,78.76634519119376,77.65730009675248,77.65730009675248,93984000
2020-02-20,77.73008728027344,78.78574250032466,77.22288901629881,78.29553354521413,100566000
2020-02-21,75.9706802368164,77.766511287534,75.35185156797284,77.32240444012415,129554000
2020-02-24,72.36200714111328,73.81808083321631,70.19003499397719,72.13874665566946,222195200
2020-02-25,69.91097259521484,73.41768758581995,69.4377529242665,73.03425797216033,230673600
2020-02-26,71.02001953125,72.28923357582319,69.5275449173606,69.53482499231708,198054800
2020-02-27,66.37757110595703,69.4062083168437,66.2416714304022,68.21708245275049,320605600
2020-02-28,66.3387451171875,67.56427882911555,62.215630206085294,62.431618127058165,426510000
2020-03-02,72.51493072509766,73.15317785016722,67.39683013967526,68.5034460821462,341397200
2020-03-03,70.21190643310547,73.77443320656704,69.35767141404621,73.69435237651876,319475600
2020-03-04,73.46863555908203,73.62880458228122,71.13649400429283,71.93976087414214,219178400
2020-03-05,71.08554077148438,72.69449642985231,70.71909308665877,71.71650028960082,187572800
2020-03-06,70.14151763916016,70.5759151634938,68.24862422437134,68.43548440571074,226176800
2020-03-09,64.59388732910156,67.48661751740467,63.824591466108316,64.00660075736148,286744800
2020-03-10,69.24604034423828,69.5129887846972,65.37045555760074,67.25607654604191,285290000
2020-03-11,66.8410873413086,68.24620108036899,65.97472137640763,67.31674360006403,255598800
2020-03-12,60.24021911621094,65.52334303397203,60.184403971944676,62.11127620771815,418474000
2020-03-13,67.4574966430664,67.93072375869788,61.38566570157223,64.28325788918951,370732000
2020-03-16,58.77928924560547,62.87327957704444,58.24296696218062,58.71619032815072,322423600
2020-03-17,61.36381530761719,62.516536915107906,57.854675154192996,60.06548110830406,324056000
2020-03-18,59.861637115478516,60.66975874633833,57.54405159077075,58.187153255274865,300233600
2020-03-19,59.40296936035156,61.35896164078844,58.876356338925326,60.036361741511776,271857200
2020-03-20,55.63174057006836,61.11385881136198,55.330817248448476,59.98539913252844,401693200
2020-03-23,54.449893951416016,55.45215955190559,51.595989830091725,55.350234801464175,336752800
2020-03-24,59.91259765625,60.10916707001685,56.85969513959366,57.359613328429845,287531200
2020-03-25,59.58254623413086,62.67184871782856,59.28647757221615,60.851756305887754,303602000
2020-03-26,62.71797561645508,62.77621621978865,59.786412185369784,59.825241722917845,252087200
2020-03-27,60.12129592895508,62.094273652565946,59.95384682888378,61.33711636840459,204216800
2020-03-30,61.837032318115234,62.0093360288493,60.52413810477868,60.84933076285512,167976400
2020-03-31,61.710838317871094,63.70080528173277,61.15510506386712,62.02875090311736,197002000
2020-04-01,58.46380615234375,60.35912878890937,58.031837774101646,59.82038104472191,176218400
2020-04-02,59.43936538696289,59.49275506292741,57.49065332322106,58.32546967140694,165934000
2020-04-03,58.585140228271484,59.626231543601605,57.99300285608874,58.9224639013772,129880000
2020-04-06,63.695960998535156,63.851271716138356,60.51929359909339,60.88816303362977,201820400
2020-04-07,62.95820999145508,65.93588600447147,62.853859800879945,65.71746898385814,202887200
2020-04-08,64.56961059570312,64.88509036892265,63.395044991841544,63.76148528714011,168895200
2020-04-09,65.0355453491211,65.54032183594127,64.23713674062121,65.20785277807086,161834800
2020-04-13,66.3120346069336,66.42124311579434,64.5113532264987,65.1131997931994,131022800
2020-04-14,69.6610107421875,69.95222853281514,67.47689953040836,67.95012658868427,194994800
2020-04-15,69.02517700195312,69.48626555936471,68.10299988712995,68.53253899378625,131154400
2020-04-16,69.57365417480469,69.94010189303526,68.52042803590564,69.74110330393147,157125200
2020-04-17,68.62962341308594,69.63674726381512,67.1881094519009,69.08829031254295,215250000
2020-04-20,67.20508575439453,68.35781086823624,67.1856746953165,67.45262304497999,130015200
2020-04-21,65.12776184082031,67.28275253901889,64.41428499057956,67.04735361351801,180991600
2020-04-22,67.003662109375,67.44048127350013,66.05721564978785,66.39938646496721,116862400
2020-04-23,66.7440185546875,68.37482206031547,66.70518901812768,66.94786806714389,124814400
2020-04-24,68.6708755493164,68.68058478279482,67.22208165212722,67.27062041354411,126161200
2020-04-27,68.71942138671875,69.05189045933044,67.93799464568525,68.38694490813113,117087600
2020-04-28,67.60551452636719,69.3649373275059,67.51330272470628,69.18292807221569,112004800
2020-04-29,69.82601928710938,70.29681705834746,68.8941329766309,69.097982412738,137280800
2020-04-30,71.29907989501953,71.47623821292636,69.97648392480959,70.36719351970498,183064000
2020-05-01,70.15123748779297,72.56103877053023,69.36981062017894,69.46688076275679,240616800
2020-05-04,71.14378356933594,71.27240315582554,69.48385993378157,70.17549663342325,133568000
2020-05-05,72.21156311035156,73.04637946818022,71.4592567243347,71.60486560646302,147751200
2020-05-06,72.95657348632812,73.58996198716568,72.52945616697563,72.91531480644686,142333600
2020-05-07,73.71131896972656,74.05835557711725,73.28177979492443,73.58512855265982,115215200
2020-05-08,75.46578216552734,75.51931637355732,74.04470105585122,74.3732060857613,133838400
2020-05-11,76.65326690673828,77.14966694282032,74.7625416518722,74.97181444929954,145946400
2020-05-12,75.77725219726562,77.79207364909227,75.65558421726155,77.33946490194451,162301200
2020-05-13,74.86229705810547,76.88198972405412,73.78188493945902,75.95730873840742,200622400
2020-05-14,75.32222747802734,75.38306147799402,73.3731037427669,74.09824769573883,158929200
2020-05-15,74.87690734863281,74.92314177584109,73.05188761996168,73.08595821938853,166348400
2020-05-18,76.64108276367188,77.0158221767727,75.51200790514008,76.20551679383226,135178400
2020-05-19,76.1982192993164,77.50736040977804,76.16658443916718,76.65812036126512,101729600
2020-05-20,77.68013763427734,77.75069971271533,77.02069186607584,77.05962650901947,111504800
2020-05-21,77.10099792480469,78.08407725078851,76.86252601832638,77.54143540411926,102688800
2020-05-22,77.597412109375,77.68014544919457,76.73600068439247,76.83819763463005,81803200
2020-05-26,77.07181549072266,78.89926383747755,77.01584553623708,78.7191975702139,125522000
2020-05-27,77.40760803222656,77.55361111108796,76.18606403867054,76.92824326203885,112945200
2020-05-28,77.4416732788086,78.70458757066594,76.80413421876992,77.08153336599706,133560800
2020-05-29,77.3662338256836,78.14734015890691,77.00852967618476,77.68500333141107,153532400
2020-06-01,78.31767272949219,78.43934069786921,77.18859041846218,77.31999390359594,80791200
2020-06-02,78.68024444580078,78.70457952577789,77.6071320252172,78.05000523231972,87642800
2020-06-03,79.11339569091797,79.37620271806179,78.42718641851751,79.00146321507341,104491200
2020-06-04,78.43203735351562,79.23504293791275,78.05729794865285,78.9357445019579,87560400
2020-06-05,80.6658706665039,80.72670465644849,78.65348495250613,78.68268407951567,137250400
2020-06-08,81.14281463623047,81.17688523826865,79.64873556537788,80.36170821177842,95654400
2020-06-09,83.70512390136719,84.09932691847067,80.78996422247816,80.82159908143493,147712400
2020-06-10,85.8586654663086,86.32830212094579,84.21614761710595,84.65658514258793,166651600
2020-06-11,81.73655700683594,85.42553148158305,81.63436005029637,84.99969350194307,201662400
2020-06-12,82.44220733642578,84.63223063265221,81.32773208201846,83.88275926094929,200146000
2020-06-15,83.46178436279297,84.11635857805393,80.92865655848254,81.09169489143076,138808800
2020-06-16,85.67373657226562,85.94627913317997,83.8827871566956,85.52286943873968,165428800
2020-06-17,85.55449676513672,86.48160625971012,85.43282877449953,86.42077226439153,114406400
2020-06-18,85.58856201171875,86.00710017036369,84.97778636060843,85.51069272033729,96820400
2020-06-19,85.09944915771484,86.76386617293707,83.9874020783935,86.29666530516798,264476000
2020-06-22,87.32598114013672,87.469548475875,85.44742709501291,85.49366152486377,135445200
2020-06-23,89.18992614746094,90.61344295119446,88.1533126161021,88.57428648623221,212155600
2020-06-24,87.61553192138672,89.73985720448684,87.24079252033772,88.81761197618738,192623200
2020-06-25,88.7787094116211,88.8176440645259,87.0096592840339,87.77130218705273,137522400
2020-06-26,86.0509033203125,88.89550150488402,85.90246451179942,88.67406487318402,205256800
2020-06-29,88.03407287597656,88.12897745361794,85.47904559885598,85.95841768027097,130646000
2020-06-30,88.76896667480469,89.05610878837916,87.60095688672507,87.62042049858218,140223200
2020-07-01,88.60104370117188,89.39188548967921,88.55238096980085,88.84681537177396,110737200
2020-07-02,88.60104370117188,90.14866410882917,88.48668294073944,89.51112514748854,114041600
2020-07-06,90.97113800048828,91.44077455841791,90.00265833546331,90.03429319420877,118655600
2020-07-07,90.6888656616211,92.13184590156695,90.57693321642051,91.35073966867222,112424400
2020-07-08,92.80104064941406,92.83267551468656,91.58192502451845,91.6695298380442,117092000
2020-07-09,93.20011138916016,93.7500456266075,92.14889822617897,93.69651141665871,125642800
2020-07-10,93.36312866210938,93.42153433551938,92.18051959638903,92.79372347201921,90257200
2020-07-13,92.93243408203125,97.29058186234049,92.71829725665447,94.67228464918172,191649200
2020-07-14,94.4703140258789,94.6625440704525,91.37508059280022,92.31191801469724,170989200
2020-07-15,95.12003326416016,96.60194849384463,93.91795292676309,96.35131273104463,153198000
2020-07-16,93.9495849609375,94.80856064892015,93.34854481035306,93.98851960775556,110577600
2020-07-17,93.75978088378906,94.55792255878987,93.28527277756179,94.40219140138757,92186800
2020-07-20,95.73564910888672,95.87435236536639,93.50182714820313,93.84736742164009,90318000
2020-07-21,94.41436767578125,96.60439166826072,94.16373189368295,96.52895810260178,103433200
2020-07-22,94.67960357666016,95.36337714422316,94.02746487733731,94.11506227305587,89001600
2020-07-23,90.37010955810547,94.48978555792418,89.55736834691913,94.41191626887031,197004400
2020-07-24,90.14624786376953,90.49178823352345,86.76874316858824,88.56213563459892,185438800
2020-07-27,92.2827377319336,92.37520659555678,90.9881959192841,91.21206086971651,121214000
2020-07-28,90.7667465209961,92.02966071554671,90.7618750492638,91.85202279586937,103625600
2020-07-29,92.506591796875,92.69152948751328,91.21447855018052,91.25097745595819,90329200
2020-07-30,93.62593078613281,93.73056344929799,91.2680051315171,91.67680769413195,158130000
2020-07-31,103.42752838134766,103.57839550277167,98.13739905674298,100.14249260806086,374336800
2020-08-03,106.03362274169922,108.66164759827892,105.01648042053604,105.31577883706638,308151200
2020-08-04,106.74175262451172,107.83676443958547,105.49830201297321,106.22344584387962,173071600
2020-08-05,107.12863159179688,107.4498367668899,105.99468538956056,106.46189359206154,121776800
2020-08-06,110.86630249023438,111.36270996964782,106.87072984975072,107.46203450000841,202428800
2020-08-07,108.34565734863281,110.84434776897682,107.54607671169924,110.38605018937842,198045600
2020-08-10,109.92044830322266,110.94186486752692,107.26086549559103,109.79612082851325,212403600
2020-08-11,106.65143585205078,109.68155371834231,106.39059512633617,109.18181853754392,187902400
2020-08-12,110.19590759277344,110.45430815645663,107.55095084699191,107.74596761374468,165598000
2020-08-13,112.14610290527344,113.15289349736156,111.09055440270924,111.58054387716682,210082000
2020-08-14,112.046142578125,112.1363380075208,110.2300184759341,111.9705730324468,165565200
2020-08-17,111.75361633300781,113.19676560303644,111.12468097941458,113.17238664899372,119561600
2020-08-18,112.68485260009766,113.11145831572809,111.1685737018232,111.50498397074077,105633600
2020-08-19,112.82623291015625,114.2450033462818,112.73116465257537,113.09438654850844,145538000
2020-08-20,115.32978820800781,115.44436259089069,112.8505967483557,112.86766275928572,126907200
2020-08-21,121.27302551269531,121.75813472539492,116.28051759278713,116.29270335052242,338054800
2020-08-24,122.72347259521484,125.57807915731564,120.85128503311087,125.49274910090045,345937600
2020-08-25,121.7166976928711,122.06286102018731,119.98833606258718,121.59237766186422,211495600
2020-08-26,123.3719253540039,123.83022293693548,121.9677808342838,123.03795523691794,163022400
2020-08-27,121.89710235595703,124.31047038391692,120.74891816931488,123.97650023718222,155552400
2020-08-28,121.69964599609375,123.2939271755795,121.4753699990524,122.87463439456488,187630000
2020-08-31,125.82674407958984,127.73794429666664,122.86245023954196,124.4031081470526,225702700
2020-09-01,130.83876037597656,131.44333179825284,127.27965542096419,129.4541217539587,151948100
2020-09-02,128.12799072265625,134.54414333091748,123.83756147352996,134.16385535146685,200119000
2020-09-03,117.86993408203125,125.6317192300971,117.49939923565937,123.74978578666541,257599600
2020-09-04,117.94795989990234,120.61972875413336,108.12871445358171,117.08012248988481,332607200
2020-09-08,110.01063537597656,116.02699258808728,109.87412215270822,111.11249423218894,231366600
2020-09-09,114.39857482910156,116.17325409792939,112.38987396422294,114.34007128994196,176940500
2020-09-10,110.6639404296875,117.49938384688613,109.69859487779826,117.36287063508007,182274400
2020-09-11,109.21106719970703,112.3606396431834,107.26086957114084,111.71707085483806,180860300
2020-09-14,112.48739624023438,113.0432022491566,109.9911457355189,111.8633336140555,140150100
2020-09-15,112.66290283203125,115.87097839483434,110.78096207450275,115.38342905287787,184642000
2020-09-16,109.33781433105469,113.11144897058965,109.25005901915075,112.36062624645403,154679000
2020-09-17,107.59239196777344,109.40607622888594,106.00298369138476,106.9878355070113,178011000
2020-09-18,104.17952728271484,108.11892638443597,103.44820335777827,107.65088323854708,287104900
2020-09-21,107.33885955810547,107.44612100314026,100.53266781044476,101.93681222587327,195713800
2020-09-22,109.02578735351562,110.04964400266275,106.4417816531773,109.87412593250646,183055400
2020-09-23,104.45258331298828,109.31832411053182,104.11129279067556,108.84052779447258,150718700
2020-09-24,105.5251693725586,107.50461829692627,102.3853507589774,102.55111573189025,167743300
2020-09-25,109.48408508300781,109.64010445196426,104.98887930687886,105.72995643059598,149981400
2020-09-28,112.09735107421875,112.44838721832883,109.97163550795793,112.1461089873391,137672400
2020-09-29,111.24900817871094,112.43862979442277,110.74196012319106,111.69756013169471,99382200
2020-09-30,112.92618560791016,114.34008328098176,110.79072437109879,110.95648937570999,142675200
2020-10-01,113.88179016113281,114.78863234602518,112.94569620243965,114.7106226562807,116120400
2020-10-02,110.20565795898438,112.49714598356358,109.42558341904119,110.07889779908955,144712000
2020-10-05,113.59900665283203,113.74527295614752,110.72246825841832,111.07350441061017,106243800
2020-10-06,110.34217834472656,113.22846975785129,109.45483490950848,112.81892262806667,161498200
2020-10-07,112.21436309814453,112.67266068936267,111.2880148454192,111.76581857721544,96849000
2020-10-08,112.10710906982422,113.5015006370164,111.73656676842208,113.35523433064257,83477200
2020-10-09,114.05730438232422,114.0865561551348,112.05834892691767,112.40938507947115,100506900
2020-10-12,121.30227661132812,122.06285238723022,116.3097687190557,117.0703444949578,240226800
2020-10-13,118.08446502685547,122.26763983658118,116.67057472065251,122.15062530057422,262330500
2020-10-14,118.1722412109375,119.96641966368223,116.64133619484454,117.9869700344031,150712000
2020-10-15,117.70417022705078,118.18196653560398,115.20791978630072,115.76372578098064,112559200
2020-10-16,116.0562515258789,118.52325764594907,115.85148167833091,118.25997681380653,115393800
2020-10-19,113.09195709228516,117.42139051387834,112.7799257876711,116.97284597845898,120639300
2020-10-20,114.58385467529297,116.01725100908146,112.75066428839048,113.3064702709398,124423700
2020-10-21,113.95979309082031,115.75397121203213,113.55024596366279,113.76476887802791,89946000
2020-10-22,112.86768341064453,115.10066050216787,111.7365652586778,114.52534835538113,101988000
2020-10-23,112.17536163330078,113.64776283593191,111.43428449669388,113.49174346426179,82572600
2020-10-26,112.18510437011719,113.647752367436,110.06913461337588,111.17100086591333,111850700
2020-10-27,113.696533203125,114.35960076991158,111.68783179760145,112.61417280087906,92276800
2020-10-28,108.43096923828125,112.55563988990885,108.33346085906479,112.18510507312128,143937800
2020-10-29,112.44839477539062,114.01830445888464,109.40608380178328,109.57185625388539,146129200
2020-10-30,106.14926147460938,109.20131819888869,105.0376493800456,108.2944759702273,190272600
2020-11-02,106.06148529052734,107.9239274305086,104.64759511176818,106.39302272628981,122866900
2020-11-03,107.68989562988281,108.71374473298427,106.02247785676427,106.92931988488967,107624400
2020-11-04,112.08759307861328,112.71165565418494,109.5523379354268,111.29776550877692,138235500
2020-11-05,116.06599426269531,116.64130635027131,113.95978499014568,115.01288590671425,126387100
2020-11-06,115.93415069580078,116.4323036892573,113.43358602193297,115.5727390073877,114457900
2020-11-09,113.6191635131836,119.15750989185466,113.35543592706722,117.70210831549566,154515300
2020-11-10,113.27729797363281,114.85967848302198,111.48001699164712,112.86705172692065,138023400
2020-11-11,116.71556091308594,116.85230965844065,113.73638330100388,114.46896905922455,112295000
2020-11-12,116.44206237792969,117.7314130027431,115.81692313270185,116.84254616591035,103162300
2020-11-13,116.49090576171875,116.8913821021024,115.13318074907436,116.66672664224632,81581900
2020-11-16,117.50675201416016,118.18072580642377,115.40667146783778,116.15878952513835,91183000
2020-11-17,116.61787414550781,117.86815253828405,116.19785804928638,116.77416267072837,74271000
2020-11-18,115.28946685791016,117.03790584258053,115.26016461858715,115.85600165898173,76322100
2020-11-19,115.88529205322266,116.29553826630797,114.09778111474732,114.85966906826211,74113000
2020-11-20,114.61548614501953,116.0122833606363,114.566651563308,115.88530450548863,73604300
2020-11-23,111.2065200805664,114.88898878015578,111.1088434668693,114.45920273719096,127959300
2020-11-24,112.4958724975586,113.16008391412161,109.97577558304761,111.26513373188881,113874200
2020-11-25,113.3359146118164,114.03919822578274,112.49588223427314,112.86706383733798,76499200
2020-11-27,113.88290405273438,114.76200852686044,113.521499817773,113.86337170986415,46691300
2020-11-30,116.2857666015625,118.16118410031162,114.09777206744184,114.25406058512762,169410200
2020-12-01,119.87059020996094,120.60317611089967,117.2235140488389,118.20029525009053,127728200
2020-12-02,120.22222900390625,120.5054964393888,118.08307584244258,119.18683588918579,89004200
2020-12-03,120.08545684814453,120.90594929961036,119.37240344911088,120.65198415652675,78967600
2020-12-04,119.41146850585938,120.00730546840785,118.69841514908516,119.75334034037562,78260400
2020-12-07,120.87664031982422,121.67760038587379,119.41146892200817,119.47007339320174,86712000
2020-12-08,121.49201202392578,122.0780865564266,120.23196370264463,121.48224958003209,82225500
2020-12-09,118.95240020751953,123.02557557317189,118.19051214801601,121.63854821088353,115089200
2020-12-10,120.37850952148438,120.99388642913459,117.36025927781515,117.70213119748253,81312200
2020-12-11,119.56776428222656,119.90963613747431,117.75095104891274,119.58729662299177,86939800
2020-12-14,118.95240020751953,120.48594622407741,118.71797483203729,119.75336040497812,79184500
2020-12-15,124.91075134277344,124.9302911359923,121.24782260023406,121.45294571554655,157243700
2020-12-16,124.8423843383789,125.3893793448256,123.62140801881179,124.45167787791586,98208600
2020-12-17,125.71171569824219,126.57128777488863,125.06703664075737,125.90706892352664,94359800
2020-12-18,123.7190933227539,126.10244150708998,123.19163065315914,125.96569275411149,192541500
2020-12-21,125.25263214111328,125.33077641507083,120.58361982974765,122.11716580798591,121251600
2020-12-22,128.81790161132812,131.2891567050616,126.63966893622124,128.5541665300668,168904800
2020-12-23,127.91924285888672,129.35509717792385,127.7434145333038,129.09137704629174,88223700
2020-12-24,128.9058074951172,130.36121675094694,128.05601267765476,128.27090571957586,54930100
2020-12-28,133.51622009277344,134.1511218894807,130.41004823158806,130.87891392295424,124486200
2020-12-29,131.73846435546875,135.5674445419394,131.22077155630924,134.8446360549227,121047300
2020-12-30,130.6151580810547,132.83245515094322,130.3025810031429,132.43197135905453,96452100
2020-12-31,129.6090545654297,131.61145830727833,128.66157593984025,130.96677936325997,99116600
2021-01-04,126.4052505493164,130.50772834489013,123.81677904513954,130.4198216196165,143301900
2021-01-05,127.96810913085938,128.68117019094734,125.44801165954016,125.89733760282162,97664900
2021-01-06,123.66048431396484,128.00716462914988,123.44559128213457,124.75448181589701,155088000
2021-01-07,127.88017272949219,128.5736938299987,124.89122511401924,125.37961563692647,109578200
2021-01-08,128.9839630126953,129.55049790853118,127.2062140390898,129.3551297410371,105158200
2021-01-11,125.98522186279297,127.14759375428018,125.51637110895247,126.1903524513776,100384500
2021-01-12,125.80940246582031,126.67873700583286,123.91444484041192,125.51636516935064,91951100
2021-01-13,127.85089874267578,128.39789386448626,125.5066296764882,125.77034988589732,88636800
2021-01-14,125.9168701171875,127.95833928131353,125.7703439921052,127.76298601903567,90221800
2021-01-15,124.18792724609375,127.1964143087734,124.05117851163078,125.7898473803004,111598500
2021-01-19,124.86190795898438,125.72147994605524,123.99257352824013,124.81306593162914,90757300
2021-01-20,128.9644012451172,129.4137270875099,125.56520735367549,125.67265386569356,104319500
2021-01-21,133.6920166015625,136.42700650318062,130.48817597250854,130.69330654954064,120150900
2021-01-22,135.84092712402344,136.6028150348242,131.88496149210033,133.11570006235684,114459400
2021-01-25,139.60154724121094,141.72116035187767,133.36967931189386,139.74807334283994,157611700
2021-01-26,139.83596801757812,140.94949773337214,138.08752172506703,140.26575403148016,98390600
2021-01-27,138.761474609375,140.9494689125309,137.1497922912882,140.0996595026288,140843800
2021-01-28,133.90687561035156,138.69311044857827,133.52593169647875,136.28046069255305,142621100
2021-01-29,128.8960418701172,133.56505438488097,127.18667492713263,132.67617999744974,177523800
2021-02-01,131.02540588378906,132.2366197184336,127.88993224067084,130.6444618808397,106239800
2021-02-02,131.8556671142578,133.14501023071227,131.4844855801371,132.57847548555233,83305400
2021-02-03,130.83004760742188,132.61755859976557,130.50770809360628,132.6077812510319,89880900
2021-02-04,134.19993591308594,134.20969835709803,131.46494623573207,133.13524824047326,84183100
2021-02-05,133.7841796875,134.42982206884446,132.9037691142245,134.36135298845358,75693800
2021-02-08,133.930908203125,133.97982321266207,131.9842042669653,133.07005180092128,71297200
2021-02-09,133.0504913330078,134.87981130485002,132.89398418993693,133.6472186633411,76774200
2021-02-10,132.4440155029297,134.0092066849529,131.47555177979126,133.5102943457137,73046600
2021-02-11,132.1896514892578,133.42222921972905,130.85924373219854,132.94288597227373,64280000
2021-02-12,132.4244384765625,132.58096057062542,130.78100126920737,131.4266437121405,60145100
2021-02-16,130.29185485839844,133.05048531230534,129.90054970151292,132.5418109985024,80576300
2021-02-17,127.9930191040039,129.3429961467523,126.65283402211399,128.39410140319288,97918500
2021-02-18,126.8875961303711,127.17127933958186,124.63763974131737,126.38868386598486,96856700
2021-02-19,127.04415130615234,127.8658850737651,125.99744121939081,127.40611061898666,87668800
2021-02-22,123.2583236694336,126.89738013381545,122.86702591113955,125.2245820305238,103916400
2021-02-23,123.12137603759766,123.95287914625916,115.81391675875304,121.067072044615,158273000
2021-02-24,122.6224594116211,122.82788904485355,119.57035347401501,122.22138464103878,111039900
2021-02-25,118.35733032226562,123.70830769868415,117.91712502936959,121.96704059219421,148199500
2021-02-26,118.62147521972656,122.13335592343607,118.56277569973142,119.92252974269587,164560400
2021-03-01,125.00936889648438,125.14632198530556,120.11816582891734,121.05727592228418,116307900
2021-03-02,122.39746856689453,125.91913329199494,122.28986150205843,125.61588108930245,102260900
2021-03-03,119.40404510498047,122.97462478338886,119.18883097909638,122.09420675176463,112966300
2021-03-04,117.51604461669922,120.9105408091192,116.0389066337359,119.10079712980304,178155000
2021-03-05,118.77796936035156,119.28665864113772,115.01174462231236,118.34754858051326,153766600
2021-03-08,113.82807922363281,118.36711510668628,113.68134163784862,118.29863856177148,154376600
2021-03-09,118.45516204833984,119.4040567156157,116.20521293027855,116.43998860707968,129525800
2021-03-10,117.36930847167969,119.51165027406911,116.8508346932734,119.04209897356596,111943300
2021-03-11,119.30621337890625,120.52901403357286,118.6214479976461,119.87359467388345,103026500
2021-03-12,118.39645385742188,118.5334069388377,116.56714878563196,117.78016499105065,88105100
2021-03-15,121.29203796386719,121.30182245865136,117.79971966419778,118.76818313649518,92403800
2021-03-16,122.83768463134766,124.45178328205833,122.00618152746164,122.96485323576835,115227900
2021-03-17,122.0453109741211,123.12137424397079,119.67796282439072,121.35076097755098,111932600
2021-03-18,117.9073486328125,120.49968794214433,117.70191898445727,120.20621275113163,121229700
2021-03-19,117.37909698486328,118.787765950923,117.07584476265258,117.2910589061766,185549500
2021-03-22,120.70510864257812,121.17466742071305,117.64321821066616,117.71169475504172,111912300
2021-03-23,119.87360382080078,121.53660985268937,119.48230608877304,120.64641478912513,95467100
2021-03-24,117.47692108154297,120.22578250026773,117.45735955159839,120.14752145372104,88530500
2021-03-25,117.96603393554688,119.0127585740185,116.41063491697949,116.93888575254493,98844700
2021-03-26,118.57255554199219,118.8366847131395,116.3323834208923,117.731267934474,94071200
2021-03-29,118.7486343383789,119.91274312400247,118.10299937711603,119.00297900233532,80819200
2021-03-30,117.29106140136719,117.78018175127832,116.27369017794591,117.49649105272375,85671900
2021-03-31,119.4920883178711,120.8322731356612,118.5138477380496,119.00296802796035,118323800
2021-04-01,120.32359313964844,121.47791733984869,119.82468834663912,120.96923551452913,75089100
2021-04-05,123.1604995727539,123.41484423200751,120.39207673653289,121.17467224344372,88651200
2021-04-06,123.46375274658203,124.36373236215869,122.9159403655152,123.74744343345849,80171300
2021-04-07,125.11698913574219,125.1365506661835,122.41704266839598,123.09203115107863,83466700
2021-04-08,127.5234603881836,127.55280641553438,125.72350105241503,126.14413739562202,88844600
2021-04-09,130.1060028076172,130.14512586474413,126.65281460393234,126.97563580060692,106686700
2021-04-12,128.3843231201172,129.95929134574504,127.78759565756825,129.63647010271666,91420000
2021-04-13,131.5048828125,131.7298889082425,129.05928119869824,129.5581934810451,91266500
2021-04-14,129.15711975097656,132.06249585390395,128.79517546483183,132.0038037995852,87222800
2021-04-15,131.5733642578125,132.06248457103857,130.73207672199297,130.90816779667338,89347100
2021-04-16,131.24075317382812,131.7396504708216,130.37989673029497,131.37770625104787,84922400
2021-04-19,131.90594482421875,132.52224111291792,130.4385840810419,130.60488317405677,94264200
2021-04-20,130.213623046875,132.5809638018916,128.9419071234644,132.0820664075215,94812300
2021-04-21,130.5951385498047,130.83969873435487,128.44301191111677,129.47994470532655,68847100
2021-04-22,129.069091796875,131.23099557668175,128.55062537401983,130.1451477062781,84566500
2021-04-23,131.39730834960938,132.17988902990155,129.28430468857326,129.28430468857326,78657500
2021-04-26,131.78858947753906,132.12118773609112,130.65382667295944,131.8961965525728,66905100
2021-04-27,131.46578979492188,132.46359966085154,131.1918835457288,132.0722943571678,66015800
2021-04-28,130.67340087890625,132.08206994398435,130.1842805050191,131.38751244528612,107760100
2021-04-29,130.5755615234375,134.08745690189525,129.567974819212,133.50050652437227,151101000
2021-04-30,128.59951782226562,130.65381415781053,128.21800457946676,128.91254705716273,109839500
2021-05-03,129.65603637695312,131.1527586179982,128.96149372877142,129.16691594936623,75135100
2021-05-04,125.06806945800781,128.6288723998823,123.9430911832169,128.3353972104989,137564700
2021-05-05,125.31263732910156,127.61149397563412,125.18546126388162,126.38869312319078,84000900
2021-05-06,126.91694641113281,126.9267234439276,124.36373027215305,125.10719525066649,78128300
2021-05-07,127.59307861328125,128.6219640145826,126.87773920490686,128.22021545550038,78973300
2021-05-10,124.30062103271484,126.93655347047559,124.26142403861365,126.80917632275558,88071200
2021-05-11,123.37950897216797,123.732266941607,120.30260870284276,121.01794071068072,126142800
2021-05-12,120.30258178710938,122.13500147037169,119.79303596653406,120.91992491664598,112172300
2021-05-13,122.4583969116211,123.61468197456075,121.7626671457256,122.07623559621457,105861300
2021-05-14,124.88854217529297,125.31970156938155,123.32070002778138,123.71266243367454,81918000
2021-05-17,123.73225402832031,124.37899310292869,122.65436304670058,124.27120325716062,74244600
2021-05-18,122.34080505371094,124.43779545294035,122.27221218928985,124.01643714976464,63342900
2021-05-19,122.18401336669922,122.40938669653873,120.39079046342964,120.68476412746298,92612000
2021-05-20,124.75135040283203,125.15311390529939,122.58576737350162,122.7131594479721,76857100
2021-05-21,122.90914154052734,125.42749006545537,122.69356184580758,125.25110735850839,79295400
2021-05-24,124.54557037353516,125.36869212394858,123.4088876885631,123.47748054475917,63092900
2021-05-25,124.34959411621094,125.74106096052154,123.78124903022919,125.25110237090293,72009500
2021-05-26,124.30062103271484,124.8297692389876,123.8792626912048,124.40841089747757,56575900
2021-05-27,122.76215362548828,125.07472355131192,122.56617616440937,123.89884383271658,94625600
2021-05-28,122.1056137084961,123.2716997185338,122.04682196885067,123.04631892312548,71311100
2021-06-01,121.7822494506836,122.83074455067667,121.44908627688243,122.56617423477933,67637100
2021-06-02,122.54657745361328,122.72296016407643,121.5568815278501,121.78225486696007,59278900
2021-06-03,121.05713653564453,122.34080621458908,120.65537298589332,122.17422461028026,76229200
2021-06-04,123.35991668701172,123.62449453050527,121.3609148266497,121.57649455807045,75169300
2021-06-07,123.36969757080078,123.78125473088885,122.32120243854156,123.63426789483995,71057600
2021-06-08,124.19281005859375,125.8782506142176,123.67346305813653,124.05562434058848,74403800
2021-06-09,124.57495880126953,125.18250083132375,123.97721788610363,124.65335276825591,56877900
2021-06-10,123.57547760009766,125.61367614452429,123.40889600611712,124.4671847907461,71186400
2021-06-11,124.79057312011719,124.87876822647898,123.56569508109747,123.98705342556275,53522400
2021-06-14,127.85763549804688,127.91642723799659,124.51617286716927,125.25109952078272,96906500
2021-06-15,127.03456115722656,127.97527414841969,126.78958552903444,127.32853490148227,62746300
2021-06-16,127.53426361083984,128.25939661171972,125.87824147519329,127.74984328807113,91815000
2021-06-17,129.14132690429688,129.88606227566868,127.04433642829339,127.19133075522794,96721700
2021-06-18,127.83806610107422,128.86695159835352,127.62248638968997,128.08304168654513,108953300
2021-06-21,129.64108276367188,129.74887261931582,126.61318811711466,127.68127808078076,79663300
2021-06-22,131.28729248046875,131.38528868125076,128.97472269195052,129.47448238296937,74783600
2021-06-23,131.012939453125,131.6204890694468,130.55238415861209,131.08153979372707,60214200
2021-06-24,130.72879028320312,131.93406611785448,130.25842633865025,131.74788225881792,68711000
2021-06-25,130.43478393554688,131.19910646414033,130.1408102817522,130.7777556903275,70783700
2021-06-28,132.07125854492188,132.5318139188506,130.6700051385488,130.72879689656085,62111300
2021-06-29,133.59005737304688,133.74684530023828,131.6498553684425,132.09080833056353,64556100
2021-06-30,134.2073974609375,134.64835041310198,133.1392928141683,133.43326643298442,63261400
2021-07-01,134.5111846923828,134.56997643445254,133.0315227403941,133.85465198573496,52485800
2021-07-02,137.14715576171875,137.18634528143556,134.98156473226965,135.12854412136403,78852600
2021-07-06,139.16574096679688,140.2730204949,137.25493430561346,137.25493430561346,108181800
2021-07-07,141.6644744873047,141.9780354300495,139.79285761414,140.6551614207794,104911600
2021-07-08,140.3612060546875,141.16471813821977,137.84285005243268,138.73456470357425,105575500
2021-07-09,142.19363403320312,142.72277473602026,139.78306761517845,139.8810638333893,99890800
2021-07-12,141.5958709716797,143.3793001913862,141.10591986105104,143.27151034896303,76299700
2021-07-13,142.7129364013672,144.49636533984406,140.74333862999035,141.13529347583724,100827100
2021-07-14,146.15240478515625,146.56397686036559,144.71194737828577,145.1235194534951,127050800
2021-07-15,145.4958953857422,146.98535113045864,144.1338317300182,146.24063073416198,106820300
2021-07-16,143.44789123535156,146.7501570666892,142.94814646554318,145.47629609045745,93251400
2021-07-19,139.5871124267578,141.17456469301598,138.8227896494256,140.8609887063535,121434600
2021-07-20,143.21270751953125,144.1436266165373,140.08683190917176,140.57678303301844,96350000
2021-07-21,142.477783203125,143.19312262136464,141.72326922538142,142.60517528212256,74993500
2021-07-22,143.84963989257812,145.2214969339576,142.8795313726681,143.00692343798204,77338200
2021-07-23,145.57427978515625,145.73106773788473,143.96724064999466,144.58458386878672,71447400
2021-07-26,145.9956512451172,146.81876560092866,144.731568886007,145.29012038238656,72434100
2021-07-27,143.82025146484375,146.2112152481958,142.62476957316773,146.12301268573492,104818600
2021-07-28,142.0662384033203,144.01624946103246,139.67527427888382,141.8996567982077,118931200
2021-07-29,142.7129364013672,143.60465087060564,141.6742426029659,141.78203242839163,56699500
2021-07-30,142.92857360839844,143.38912896139584,141.2137443010623,141.47832215221771,70440600
2021-08-02,142.5953826904297,143.99663576121543,142.3308048906137,143.41849700972153,62880000
2021-08-03,144.39842224121094,145.06474871455308,142.2622271752402,142.8795704889318,64786600
2021-08-04,143.9966278076172,144.81974208144462,143.34009511643663,144.3102036940969,56368300
2021-08-05,144.10443115234375,144.86875375710454,143.2323186955207,144.0260371733782,46397700
2021-08-06,143.41748046875,144.36941102647455,142.9169869178482,143.62357485707724,54126800
2021-08-09,143.368408203125,143.96704478811583,142.8090348226229,143.47635955368153,48908700
2021-08-10,142.88751220703125,144.95820400187984,142.59309814162447,143.71185961055318,69023100
2021-08-11,143.1427001953125,143.9866794152509,142.81884613683928,143.32916298423876,48493500
2021-08-12,146.1162567138672,146.27327959158745,143.12307362087492,143.4665592940723,72282600
2021-08-13,146.3223419189453,146.6560042822418,145.5078026382922,146.19475896699817,59375000
2021-08-16,148.30467224121094,148.37337534872952,143.74130641918998,145.77273511641434,103296000
2021-08-17,147.3920135498047,148.85424577061949,146.3125001875388,147.43126177455844,92229700
2021-08-18,143.6333770751953,147.91215275914686,143.4272826956147,147.00929375834372,86326000
2021-08-19,143.967041015625,145.24282558662867,141.80802903559353,142.3281541725026,86960300
2021-08-20,145.42929077148438,145.7335132179683,144.04555482987226,144.6932629269492,60549600
2021-08-23,146.9209747314453,147.3920283484006,145.1348733480979,145.54704713474933,60131800
2021-08-24,146.8326416015625,148.04954634761012,146.37139629315473,146.66581042238676,48606400
2021-08-25,145.59613037109375,147.51962317148752,145.04656527798858,147.01911462456798,58991300
2021-08-26,144.7913818359375,146.34194886069025,144.76194192197897,145.58630443638947,48597200
2021-08-27,145.8316650390625,145.97886462702738,144.0946350284485,144.73251987566385,55802400
2021-08-30,150.2674560546875,150.63057334625535,145.84148019931877,146.22421412051892,90956700
2021-08-31,149.00146484375,149.9533952991406,148.47151645903594,149.8160040465339,86453100
2021-09-01,149.66880798339844,152.0927942907588,149.50197679710354,149.98285372785378,80313700
2021-09-02,150.78756713867188,151.83764073221985,149.56085404781211,151.0034698406252,71115500
2021-09-03,151.42547607421875,151.74933014670412,150.23801114177232,150.89552760123323,57808700
2021-09-07,153.7709503173828,154.33032373118607,151.51379510970494,152.08299181247767,82278300
2021-09-08,152.2203369140625,154.11437426944298,151.11138376275437,154.05549445158968,74420200
2021-09-09,151.1997528076172,153.20174194196827,151.0819781706379,152.59329705325342,57305700
2021-09-10,146.1947479248047,152.58346376101343,145.92977372713005,152.11241016755477,140893200
2021-09-13,146.76390075683594,148.5990580433235,145.97880168563955,147.82378225677314,102404300
2021-09-14,145.36058044433594,148.25563513558592,144.17313063309547,147.54904724190396,109296300
2021-09-15,146.2536163330078,146.6559817546306,143.6431677103874,145.7923710886154,83281300
2021-09-16,146.01809692382812,146.19475138463315,144.4773531646783,145.67462626455162,68034100
2021-09-17,143.3389434814453,146.04753509048223,143.0445293968297,146.04753509048223,129868800
2021-09-20,140.27706909179688,142.14166661900333,138.63818253431032,141.12104812479518,123478900
2021-09-21,140.75794982910156,141.90616637912737,140.1200650564419,141.24863503100102,75834000
2021-09-22,143.13287353515625,143.7020551685205,141.02291826849162,141.7589460412651,76404300
2021-09-23,144.09461975097656,144.33996235458966,142.92678656185444,143.9179652896226,64838200
2021-09-24,144.18292236328125,144.7226790220036,142.8482581592234,142.94640117881744,53477900
2021-09-27,142.6618194580078,143.24083941199348,141.14070721951342,142.75996249414771,74150700
2021-09-28,139.2662811279297,142.05336955149633,139.05037843565805,140.58131390847566,108972300
2021-09-29,140.1691436767578,141.7589590196526,139.38404431901697,139.81584971450067,74602000
2021-09-30,138.86390686035156,141.6902583077313,138.64800418175875,140.98367044588636,89056700
2021-10-01,139.9924774169922,140.25745160999782,136.51843289284824,139.25644963882814,94639600
2021-10-04,136.5478973388672,139.56071210655347,135.69410975464882,139.1190833806911,98322000
2021-10-05,138.48117065429688,139.59012394137855,136.76377254220841,136.89135547952526,80861100
2021-10-06,139.35458374023438,139.50178329662984,135.79220473023892,136.87171805888073,83221100
2021-10-07,140.62057495117188,141.53325731976742,140.06120154260262,140.3948639248738,61732700
2021-10-08,140.23782348632812,141.49397639424066,139.90416114584096,141.34677682476803,58773200
2021-10-11,140.1495361328125,142.11227737682535,139.1681655108061,139.61960258572105,64452200
2021-10-12,138.8737030029297,140.58129268183015,138.41245777313225,140.56166108335393,73035900
2021-10-13,138.28494262695312,138.76580466433404,136.60679221766168,138.60879674013316,78762700
2021-10-14,141.08180236816406,141.19957699805144,138.87371898295444,139.46254720881987,69907100
2021-10-15,142.14169311523438,142.20057294661328,140.83646861307787,141.09163451508613,67940300
2021-10-18,143.81983947753906,144.1044303133813,140.4929943196034,140.77758515544568,85589200
2021-10-19,145.9886474609375,146.39101289718135,143.81982737932438,144.2712493533105,76378900
2021-10-20,146.47935485839844,146.96023179232097,145.36059309181522,145.92978977650145,58418800
2021-10-21,146.6952362060547,146.852259056455,145.1152293383939,146.0377198663419,61421000
2021-10-22,145.9199676513672,147.38219996847627,145.87089613630118,146.90133805459163,58883400
2021-10-25,145.87088012695312,146.5872762498157,144.86987823265756,145.91012834998406,50720600
2021-10-26,146.53823852539062,148.02991078440542,146.23400111612685,146.54804683877686,60893400
2021-10-27,146.07699584960938,146.9405916533393,145.72370189255298,146.57748938272076,56094900
2021-10-28,149.72769165039062,150.3165049156438,146.9307799732344,147.02892300470535,100077900
2021-10-29,147.00927734375,147.14666858995494,143.68243254858814,144.47734011409685,124953200
2021-11-01,146.18495178222656,146.9111563462423,145.0465584432789,146.214391698361,74588300
2021-11-02,147.22520446777344,148.7463317156188,145.8807167195942,145.89054000814804,69122000
2021-11-03,148.6678009033203,149.1388544822275,147.0289142026338,147.58828751986294,54511500
2021-11-04,148.14768981933594,149.5902906052328,147.8336440873552,148.75613470689277,60394600
2021-11-05,148.67840576171875,149.58258253436696,147.47938515102905,149.27791606706361,65463900
2021-11-08,147.8528289794922,148.96340074214248,147.5776454448072,148.80614872335738,55020900
2021-11-09,148.21649169921875,148.8258246521251,147.47938958016843,147.61698137586924,56787900
2021-11-10,145.37619018554688,147.5481909989835,145.30740178680878,147.44008208978292,65187100
2021-11-11,145.32699584960938,146.86016529716017,145.14026098164797,146.39826193480238,41000000
2021-11-12,147.4105682373047,147.8135059084211,144.94372409915425,145.87738357535494,63804000
2021-11-15,147.42042541503906,149.26809954574952,146.86022060019894,147.7840576655542,59222800
2021-11-16,148.40321350097656,148.88479224149762,146.77175735607312,147.36144499767522,59256200
2021-11-17,150.85040283203125,152.33442961865157,148.39339590269816,148.40321853171864,88807000
2021-11-18,155.155029296875,155.9412743134846,150.4179289405513,151.06658220398245,137827700
2021-11-19,157.78897094726562,158.25088939976666,153.83810003292044,154.93883421945299,117305600
2021-11-22,158.25088500976562,162.85039415850727,158.23122475801478,158.89952335376228,117467900
2021-11-23,158.6342010498047,159.0174935359154,156.3246085076116,158.34917984431854,96041900
2021-11-24,159.15505981445312,159.35161734057587,156.89461077309667,157.98552228891256,69463600
2021-11-26,154.11328125,157.69068229853394,153.67102305648032,156.82582616349364,76959800
2021-11-29,157.4842987060547,158.41795820454487,156.05922289657292,156.62925022109002,88748200
2021-11-30,162.457275390625,162.6734931658107,157.1697925187928,157.23859590016,174048100
2021-12-01,161.9364013671875,167.3712989739356,161.7005233258962,164.59978822518326,152052500
2021-12-02,160.94375610351562,161.3761916676954,155.08626072429414,156.01009761206393,136739200
2021-12-03,159.0568084716797,162.12316353860186,156.9732712438897,161.199326466995,118023100
2021-12-06,162.47694396972656,164.9929163957049,161.45482079893625,161.46464342690166,107497000
2021-12-07,168.23614501953125,168.62927506471814,165.44498918240458,166.17226851871695,120405400
2021-12-08,172.06907653808594,172.9339476024618,167.7643964630588,169.1698119426696,116998900
2021-12-09,171.55801391601562,173.71035393992497,170.9290208721844,171.9020008134574,108923700
2021-12-10,176.36395263671875,176.54086493199145,171.68581688842568,172.19687852363788,115402700
2021-12-13,172.71774291992188,178.99785124666644,172.5113477652422,178.00521097357498,153237000
2021-12-14,171.3319854736328,174.68334606426572,169.248448682449,172.23616209992724,139380400
2021-12-15,176.2165069580078,176.41306447625462,169.34671147190795,172.09856171649545,131063300
2021-12-16,169.29757690429688,178.02486912244925,167.81355032065514,176.19685561719783,150185800
2021-12-17,168.19683837890625,170.48677026390172,166.77177759111154,167.0076406202552,195432700
2021-12-20,166.8307647705078,167.64649284258897,164.5801530989622,165.38604354598067,107499100
2021-12-21,170.01504516601562,170.22142533588615,166.21158850394502,168.60962950115896,91185900
2021-12-22,172.61944580078125,172.83566356965642,169.18945937305884,170.06415307573488,92135300
2021-12-23,173.24847412109375,173.80867890803833,172.2558487047577,172.82587612087696,68356600
2021-12-27,177.22879028320312,177.31723891588942,174.0248592849785,174.04450453910178,74919600
2021-12-28,176.20668029785156,178.2116060992947,175.45975568348982,177.0617287998104,79144300
2021-12-29,176.29515075683594,177.5236541153346,175.07647002650884,176.2460076232202,62348900
2021-12-30,175.1354217529297,177.46467413151436,175.0273128661905,176.3835852641225,59773000
2021-12-31,174.51625061035156,176.14769139570436,174.2115692323077,175.02729712317227,64062300
2022-01-03,178.8798828125,179.73493120982582,174.6538439370769,174.77177544165573,104487900
2022-01-04,176.60963439941406,179.79392040563258,176.0396070589959,179.4892539814939,99310400
2022-01-05,171.911865234375,177.07157997213048,171.63668164807183,176.52121279952414,94537600
2022-01-06,169.0420684814453,172.285320469028,168.68825890104756,169.73002738877994,96904000
2022-01-07,169.20912170410156,171.14524402422893,168.08872734087262,169.91674077523325,86709100
2022-01-10,169.22879028320312,169.53345670452697,165.27791944101605,166.1722734494287,106765600
2022-01-11,172.06907653808594,172.1673477977068,167.8823429695319,169.3565468312396,76138300
2022-01-12,172.51138305664062,174.13300176054906,171.813601431131,173.09123313899516,74805200
2022-01-13,169.22879028320312,173.5825988136433,168.83566022635117,172.7570481888216,84505800
2022-01-14,170.0936737060547,170.79145523828697,168.14771352583708,168.39341420548664,80440800
2022-01-18,166.87989807128906,169.57276781693594,166.4966056259258,168.56048225619764,90956700
2022-01-19,163.37130737304688,168.13790701368765,163.08630115574192,167.07647817629606,94815000
2022-01-20,161.6808319091797,166.7619189727944,161.35650528856056,164.10835525435476,91420500
2022-01-21,159.6169891357422,163.46957389675498,159.50888023954428,161.59241715203612,122848900
2022-01-24,158.840576171875,159.50888984216238,152.03958291935942,157.26810076459748,162294600
2022-01-25,157.03221130371094,159.9609590965899,154.31968130054574,156.24596615896806,115798400
2022-01-26,156.94375610351562,161.56292551584528,155.1059199641222,160.6882317654177,108275300
2022-01-27,156.48182678222656,161.02236986801861,155.55798996472078,159.65627489219415,121954600
2022-01-28,167.40077209472656,167.42043234611594,160.00026956448573,162.86022878833853,179935700
2022-01-31,171.77427673339844,171.990494554835,166.59490164124617,167.23373247599272,115541600
2022-02-01,171.607177734375,171.83321815334287,169.3467285555597,171.01749012376968,86213900
2022-02-02,172.81600952148438,172.8553300243515,170.34918033798783,171.7447582622127,84914300
2022-02-03,169.92657470703125,173.20914700397037,169.1599898283705,171.47940471663034,89418100
2022-02-04,169.64122009277344,171.32396054369477,167.9584796418521,168.9425345214472,82465400
2022-02-07,168.9228515625,171.1763304609041,168.22416604358875,170.1037143263292,77251200
2022-02-08,172.0423126220703,172.55402535255456,168.6965170956554,168.99173655614575,74829200
2022-02-09,173.4691925048828,173.83328800439335,172.1111919697569,173.24286408752374,71285000
2022-02-10,169.37550354003906,172.68192819387235,168.8146001247778,171.36329839541398,90865900
2022-02-11,165.9510040283203,170.32020982591467,165.36056513089437,169.5821687118747,98670700
2022-02-14,166.18716430664062,166.87599960086266,163.90415017095245,164.7012320839439,86185500
2022-02-15,170.0348358154297,170.192288199675,167.53534303134987,168.24386374496802,62527400
2022-02-16,169.79867553710938,170.57607229918491,167.33853829378842,169.1098401120767,61177400
2022-02-17,166.18716430664062,169.16884887808143,165.78369827163797,168.30287592792615,69589300
2022-02-18,164.6324005126953,167.82072902550368,163.5400988885513,167.1122232569253,82772700
2022-02-22,161.69989013671875,164.03209518170536,159.5644780309518,162.3493548856938,91162800
2022-02-23,157.5176544189453,163.50069421366558,157.20274968475783,162.90042020266935,90009200
2022-02-24,160.14511108398438,160.25335773120963,149.57635530980806,150.14710899376973,141147500
2022-02-25,162.22146606445312,162.48715009234238,158.30491651486224,161.22756094554026,91974200
2022-02-28,162.48712158203125,162.78234102115098,159.84001180321536,160.4599711238184,95056600
2022-03-01,160.59776306152344,163.94355886382843,159.38737969074035,162.0738454702056,83474400
2022-03-02,163.9041748046875,164.69142169446647,160.35173616541616,161.7687775639212,79724800
2022-03-03,163.5794219970703,166.21669661748916,162.91027195360368,165.78371011148872,76678400
2022-03-04,160.56825256347656,162.9103082686563,159.5153215214296,161.8672123710347,83737200
2022-03-07,156.7599334716797,162.38872815867046,156.5040696124171,160.75519357831982,96418800
2022-03-08,154.9296112060547,160.28287244930655,153.31576171497022,156.28761181988324,131148300
2022-03-09,160.3517303466797,160.80440217190915,156.8681828813347,158.9051685561548,91454900
2022-03-10,155.99237060546875,157.83254827067594,153.49286301272676,157.64557545679153,105342000
2022-03-11,152.2628173828125,156.74027038411012,152.03648894987714,156.3958451472846,96970100
2022-03-14,148.2183380126953,151.66253001815127,147.70664029732,149.035105347276,108732100
2022-03-15,152.61705017089844,153.089407270085,147.98216062819657,148.49385829575584,92964300
2022-03-16,157.04530334472656,157.44876942008187,151.99711238572482,154.54581073699606,102300200
2022-03-17,158.0588836669922,158.4328293113158,155.1165693039783,156.08093884327653,75615400
2022-03-18,161.3653106689453,161.85733809568418,157.21259798603037,157.9506391261387,123511700
2022-03-21,162.74301147460938,163.69754597170976,160.41079104635503,160.90281851844856,95811400
2022-03-22,166.12814331054688,166.71856719819857,162.28048532842047,162.87090921607214,81532000
2022-03-23,167.49598693847656,169.88723307812018,164.9767938445975,165.31138391398235,98062700
2022-03-24,171.29444885253906,171.36332488957797,167.49599622256298,168.33243390367338,90131400
2022-03-25,171.93408203125,172.48515040066314,169.99549257889427,171.10747947713025,80546200
2022-03-28,172.80003356933594,172.92795048627315,169.25743018713217,169.42471770580778,90371900
2022-03-29,176.1064910888672,176.1556818269469,173.52825675371,173.87268201319478,100589400
2022-03-30,174.93545532226562,176.74611285404396,173.88250930234273,175.70301699368227,92633200
2022-03-31,171.82582092285156,175.19128676604245,171.61916279397346,175.00431393883977,103049300
2022-04-01,171.53060913085938,172.09152763755276,169.19840379678678,171.2550749570232,78751300
2022-04-04,175.59475708007812,175.64396282770502,171.65853751770197,171.7864694584347,76468400
2022-04-05,172.26864624023438,175.45698948199342,171.6388517127187,174.66974256872732,73401800
2022-04-06,169.0901336669922,170.86143526379934,167.41724355380708,169.6116814961237,89058800
2022-04-07,169.39520263671875,170.59575076458447,167.14172361896223,168.4308330803216,77594700
2022-04-08,167.37786865234375,169.04092358061774,166.50206052636017,169.04092358061774,76575500
2022-04-11,163.1071014404297,166.33480034612657,162.8610877127669,166.01991058277108,72246700
2022-04-12,164.98663330078125,167.1613860255376,163.98289318870957,165.34089363354275,79265200
2022-04-13,167.6829376220703,168.3127321148904,164.11082878699807,164.72093797881234,70618900
2022-04-14,162.65440368652344,168.53906192676106,162.40838999801636,167.89941732735232,75329400
2022-04-18,162.4379425048828,163.9435452353402,160.9618602189061,161.30627040967605,69023900
2022-04-19,164.7307891845703,165.14410546856962,161.2964470906838,162.38874866299832,67723800
2022-04-20,164.56350708007812,166.1872067765634,163.45153518362264,166.06910997059992,67929800
2022-04-21,163.76641845703125,168.79493971335873,163.26455585195845,166.21672062047585,87227800
2022-04-22,159.21023559570312,165.1932911869879,158.92486628163977,163.8057851903542,84882400
2022-04-25,160.2828826904297,160.56825203269904,155.93336140625067,158.55093628607733,96046400
2022-04-26,154.29978942871094,159.75144619433357,154.22106324602348,159.66288486961668,95623200
2022-04-27,154.073486328125,157.24212936237095,152.90245856859522,153.4240064759593,88063200
2022-04-28,161.03074645996094,161.8967195942573,156.3958411813348,156.710745963074,130216800
2022-04-29,155.13624572753906,163.54991794930683,154.7426297819827,159.25943807460507,131747600
2022-05-02,155.44131469726562,155.70699870242646,150.8260949299853,154.21124610323508,123055300
2022-05-03,156.9370574951172,158.14745572719883,153.8274556953841,155.6282627909498,88966500
2022-05-04,163.37277221679688,163.82542898874118,156.7205525613251,157.12401860863298,108256500
2022-05-05,154.27029418945312,161.46373326041538,152.47930702556806,161.23740483289234,130525300
2022-05-06,154.99954223632812,157.12822726592017,151.94448418251287,153.74795219056614,116124600
2022-05-09,149.85523986816406,153.5705818622736,149.29351226682695,152.68362217522588,131577900
2022-05-10,152.26971435546875,154.46739183893223,150.71262137734965,153.26507972972064,115366700
2022-05-11,144.3758544921875,153.1960828683304,143.6958565940324,151.27435948498825,142689800
2022-05-12,140.4929962158203,144.0802186431024,136.78751850070398,140.69995800707954,182602000
2022-05-13,144.97702026367188,145.95267144882655,141.03501714594583,142.49355408899086,113990900
2022-05-16,143.4297637939453,145.38106598701418,142.08948225415682,143.43962842487466,86643800
2022-05-17,147.0761260986328,147.5984402531948,144.5532317399834,146.7016310302499,78336300
2022-05-18,138.77822875976562,145.22339732349553,137.8715547980024,144.72079733304852,109742900
2022-05-19,135.35853576660156,139.6060416476657,134.6194101946053,137.85185149313176,136095600
2022-05-20,135.5950469970703,138.65995498562737,130.68725738522548,137.07329814838306,137426100
2022-05-23,141.03500366210938,141.18282274987226,135.65416330433425,135.79213279876197,117726300
2022-05-24,138.32489013671875,139.91154699464488,135.3388239751479,138.7683624803835,104132700
2022-05-25,138.48257446289062,139.73414963230113,136.33417493293138,136.42286639453397,92482700
2022-05-26,141.6953125,142.24719057579537,135.15158738869113,135.3979626037819,90601500
2022-05-27,147.47030639648438,147.50971980321964,143.15380903801713,143.28192892561134,90978500
2022-05-31,146.6819305419922,148.47554915584195,144.71092900811684,146.90860654542266,103718400
2022-06-01,146.5537872314453,149.53985256911304,145.53870787317794,147.72652020499015,74286600
2022-06-02,149.01754760742188,149.07667523553576,144.73061411862278,145.68655087325112,72348100
2022-06-03,143.27210998535156,145.82455342819665,142.36545106101252,144.770060362495,88570300
2022-06-06,144.0210723876953,146.4158469197131,142.79904610031343,144.89816741340283,71598400
2022-06-07,146.5537872314453,146.83957576238276,142.01062928588593,142.257004413004,67808200
2022-06-08,145.814697265625,147.69699226544608,145.3219468917094,146.42570291726497,53950200
2022-06-09,140.5718231201172,145.80482957531117,140.46341743862806,144.9474487547002,69473000
2022-06-10,135.14169311523438,138.71904983013044,135.0727008597942,138.24601378405768,91437900
2022-06-13,129.96783447265625,133.23968891028474,129.53421176750797,130.94347052169286,122207100
2022-06-14,130.83506774902344,131.94868835400084,129.57362805380447,131.19971323419813,84784300
2022-06-15,133.4663543701172,135.34866434133303,130.24377786500034,132.3428841585756,91533000
2022-06-16,128.17422485351562,130.47044340040713,127.16900988024103,130.16494057459525,108123900
2022-06-17,129.6524658203125,131.15043105016284,127.92783964673345,128.18407944512376,134520300
2022-06-21,133.89996337890625,135.07271151353063,131.3869488476208,131.48548988632155,81000500
2022-06-22,133.3875274658203,135.76257275465719,131.96840403366457,132.8356344352228,73409200
2022-06-23,136.2651824951172,136.58053489148253,133.66346131552876,134.83620952437622,72433800
2022-06-24,139.60604858398438,139.85242378689094,137.74345265151274,137.87155753149082,89116800
2022-06-27,139.60604858398438,141.40951687376628,138.92605061795442,140.6309628115541,70207900
2022-06-28,135.44720458984375,141.34049395514106,135.328949330103,140.06920480029078,67083400
2022-06-29,137.21124267578125,138.6303659287056,134.6883635761582,135.46691746181185,66242400
2022-06-30,134.73764038085938,136.36371032139607,131.83041667995218,135.25995448479154,98964500
2022-07-01,136.9156036376953,137.02400931509246,133.69302720857007,134.06750724522163,71051600
2022-07-05,139.5074920654297,139.5567701133716,134.94461850939908,135.772450617196,73353800
2022-07-06,140.84776306152344,142.0303609345011,139.0344453204545,139.3005347290775,74064300
2022-07-07,144.22804260253906,144.42513974752345,141.20254804373226,141.2123976378396,66253700
2022-07-08,144.90798950195312,145.41060438999426,142.89757506242208,143.15379978350074,64547800
2022-07-11,142.76947021484375,144.51381052529135,141.6952781464939,143.5578737194986,63141600
2022-07-12,143.74514770507812,146.2975911754457,142.94689446077814,143.64659160977368,77588800
2022-07-13,143.38050842285156,144.3265807145126,140.0593606954875,140.91675656689353,71185600
2022-07-14,146.31729125976562,146.79032738889836,141.17297636311127,141.99094375492155,78140700
2022-07-15,147.99264526367188,148.67264318460957,146.05120759050547,147.6083005741264,76259900
2022-07-18,144.93760681152344,149.37236031781808,144.57296129769512,148.5543928665957,81420900
2022-07-19,148.8106231689453,149.0372841460399,144.7799284417916,145.77527885211921,82982400
2022-07-20,150.82101440429688,151.49116267268522,148.18972944635095,148.9288549414216,64823400
2022-07-21,153.0975341796875,153.3143455287886,149.73697330616696,152.25985260020167,65086600
2022-07-22,151.8557891845703,154.01403798046638,151.18565597102892,153.13694301712763,66675400
2022-07-25,150.73233032226562,152.7920231935369,150.07204665223094,151.7769586670234,53623900
2022-07-26,149.4019317626953,150.8703183745743,148.61352809160934,150.05235088160816,55138700
2022-07-27,154.5166473388672,155.04882613514658,149.95378934695273,150.36769783431046,78620700
2022-07-28,155.0685272216797,155.35431578247076,152.17115301810267,154.70388176992367,81378700
2022-07-29,160.15371704101562,161.257488076031,157.1873652790473,158.90214195015406,101786900
2022-08-01,159.16819763183594,161.21804069901455,158.5571920674769,158.67544732830873,67829400
2022-08-02,157.68995666503906,160.05516729364513,157.31547663627524,157.77866315380257,59907000
2022-08-03,163.72120666503906,164.17452848450282,158.41920904035234,158.5079004783938,82507500
2022-08-04,163.40585327148438,164.76584892141557,162.04585762155315,163.60295038541236,55474100
2022-08-05,163.17889404296875,163.6723288419394,160.85974446443265,161.06699370571175,56697000
2022-08-08,162.70518493652344,165.60658394853183,162.04398411639912,164.18548932563507,60276900
2022-08-09,162.75453186035156,163.6427235312398,161.10646144310655,161.86635524789833,63135500
2022-08-10,167.01780700683594,167.11648492615134,164.70852083002953,165.47827786948693,70170500
2022-08-11,166.27764892578125,168.7448226972921,165.98158506151321,167.82702622390457,57149200
2022-08-12,169.8402557373047,169.9093287754835,167.17569590306383,167.59019436587388,68039400
2022-08-15,170.91595458984375,171.11332550526615,169.10011807446065,169.26788410549148,54091700
2022-08-16,170.758056640625,171.4291358420734,169.40605002056787,170.5113392247935,56377100
2022-08-17,172.25808715820312,173.83706944158646,170.3040896179902,170.50146052110878,79542000
2022-08-18,171.86334228515625,172.60349451732048,170.8468677576589,171.4686004513763,62290100
2022-08-19,169.2678680419922,171.45871962967124,169.06061881248345,170.75803562921558,70346300
2022-08-22,165.36973571777344,167.62966033417896,164.94537398602955,167.4618943197239,69026800
2022-08-23,165.03419494628906,166.49477276056035,164.46180878530728,164.88617053329148,54147100
2022-08-24,165.33026123046875,165.90264739975865,164.06706935977206,165.12302704926418,53841500
2022-08-25,167.7974395751953,167.9059958352742,166.13950584864693,166.56385255540565,51218200
2022-08-26,161.47158813476562,168.80403659370677,161.41237837214825,168.33034343433388,78961000
2022-08-29,159.26100158691406,160.7610323552504,157.72148760663381,159.03401076431982,73314000
2022-08-30,156.8234405517578,160.4255083111715,155.64906340226676,160.00116164152158,77906200
2022-08-31,155.1556396484375,158.47152210531658,155.07668827346,158.20506309707196,87991100
2022-09-01,155.88595581054688,156.33990747294095,152.63914582794771,154.58328048345916,74229900
2022-09-02,153.76414489746094,158.2544044411162,152.93517807481416,157.65241340262483,76957800
2022-09-06,152.50096130371094,155.02734512371137,151.67199443622994,154.41549077748996,73714800
2022-09-07,153.9121551513672,154.61282397854038,151.5930060846802,152.787124660352,87449600
2022-09-08,152.431884765625,154.30693097885487,150.6752430270464,152.60951406525444,84923800
2022-09-09,155.3036651611328,155.74776853082003,152.71807161072002,153.42861893209738,68028800
2022-09-12,161.2841033935547,162.10320702897022,157.20834188473088,157.4945274641237,104956000
2022-09-13,151.82000732421875,158.4320302699307,151.35617743298022,157.80043436290458,122656600
2022-09-14,153.2707061767578,155.0372110898694,151.59303096684667,152.75752979849568,87965400
2022-09-15,150.3693084716797,153.2016343191028,149.39231725485783,152.6193698403597,90481100
2022-09-16,148.72128295898438,149.36275739471745,146.42187440803232,149.22459621844922,162278800
2022-09-19,152.4516143798828,152.530565756339,147.142266074514,147.34950026158054,81474200
2022-09-20,154.83982849121094,156.00434240653766,151.06999458899193,151.3857850189289,107689800
2022-09-21,151.7015838623047,156.65567307047792,151.58316433856976,155.2740467070239,101696800
2022-09-22,150.73446655273438,152.44174672656402,148.92849339656019,150.37919289810281,86652500
2022-09-23,148.4547882080078,149.48114103515752,146.60934685596038,149.20481874902532,96029900
2022-09-26,148.79034423828125,151.7509532458143,147.67517669341092,147.69491830315658,93339400
2022-09-27,149.76731872558594,152.68845924345578,147.98108723466274,150.7344617346572,84442700
2022-09-28,147.87249755859375,148.66199603836654,142.9381508830526,145.70138803304184,146691400
2022-09-29,140.60916137695312,144.7934934551737,138.83279327495222,144.18163918720862,128138200
2022-09-30,136.38539123535156,141.22106186093816,136.18802030456854,139.42495175640798,124925300
2022-10-03,140.57957458496094,141.1914439900878,135.88208060719077,136.39525702678367,114311700
2022-10-04,144.18167114257812,144.30009068947933,142.36581942561767,143.125713321253,87830100
2022-10-05,144.47769165039062,145.44483462169993,141.13220458118386,142.17829892107557,79471000
2022-10-06,143.5204620361328,145.60275783304795,143.31322781916052,143.89547736380888,68402200
2022-10-07,138.25054931640625,141.2210362492612,137.61895341738395,140.66837666148692,85925600
2022-10-10,138.57623291015625,140.0269324842531,136.75053311295184,138.57623291015625,74899000
2022-10-11,137.15512084960938,139.49401183769913,136.40510543994947,138.06303899554518,77033700
2022-10-12,136.5235137939453,138.51699426564903,136.34588452399208,137.30314907900447,70433700
2022-10-13,141.11248779296875,141.7046005106399,132.6056617056489,133.21753108987443,113224000
2022-10-14,136.56301879882812,142.62239748423457,136.37551116721934,142.41514824444727,88598000
2022-10-17,140.5400848388672,141.0236412417774,138.4281847753723,139.21768336307096,85250900
2022-10-18,141.8625030517578,144.77376532008952,138.76373315265158,143.57966155321216,99136600
2022-10-19,141.9710693359375,143.04675364711534,139.64205634508835,139.8295639891064,61758300
2022-10-20,141.50723266601562,143.97440668910568,140.77694373414428,141.14209572929755,64522000
2022-10-21,145.3362579345703,145.9086439824768,140.77691115529626,140.99402362375844,86548600
2022-10-24,147.4876708984375,148.25742804538453,144.08297350872007,145.25735083913412,75981900
2022-10-25,150.33973693847656,150.48777643883307,147.3988692443333,148.11927995906782,74732300
2022-10-26,147.3889617919922,149.99429659795183,146.09615013348827,148.97782224560154,88194300
2022-10-27,142.89871215820312,147.09290769599798,142.2375113745511,146.12577976482095,109180200
2022-10-28,153.69509887695312,155.43198419999183,145.87909233562314,146.2540925974477,164762400
2022-10-31,151.3265838623047,152.2147755550462,149.92523080942135,151.1489545588176,97943200
2022-11-01,148.67190551757812,153.4088828100258,147.17187450407766,153.04374586124993,80379300
2022-11-02,143.1256866455078,150.1719344831505,143.09608176430027,146.9942133937789,93604600
2022-11-03,137.0564422607422,140.92496892991684,136.92814440584334,140.19468007204958,97918500
2022-11-04,136.78956604003906,141.03025327243037,132.83553912246873,140.45691755937278,140814800
2022-11-07,137.32333374023438,137.55068603269024,134.11068732115655,135.5341392248018,83374600
2022-11-08,137.89669799804688,139.80450887367877,135.90980476875018,138.79624280214017,89908500
2022-11-09,133.31988525390625,136.95759752003397,133.0431046023265,136.90816917152026,74917800
2022-11-10,145.1819610595703,145.1819610595703,137.89667216677097,139.61667909909517,118854000
2022-11-11,147.9794464111328,148.28588106740983,142.71070401695297,144.1440507641814,93979700
2022-11-14,146.57574462890625,148.55275765609238,145.7355080589872,147.25781653663145,73374100
2022-11-15,148.31553649902344,151.82473825025608,146.85255082741247,150.47048891741846,89868300
2022-11-16,147.0798797607422,148.14746862169088,145.5971199677711,147.4159834438759,64218300
2022-11-17,148.9877471923828,149.73900693584756,144.4702638433015,144.74704454265256,80389400
2022-11-18,149.55116271972656,150.94496070019653,148.246341800127,150.5594437144723,74829600
2022-11-21,146.30886840820312,148.6417447784354,146.02220810744817,148.43416682216127,58724100
2022-11-22,148.4539031982422,148.6911501950918,145.24125698087363,146.42747688170903,51804100
2022-11-23,149.33370971679688,150.08496935516192,147.62358231947215,147.73231865639212,58301400
2022-11-25,146.40771484375,147.16886915801885,145.4290878682615,146.6054131493823,35195900
2022-11-28,142.56243896484375,144.95462339373816,141.73209694821898,143.47186332830165,69246000
2022-11-29,139.5474853515625,143.14564904140522,138.73691772229893,142.6316213475949,83763800
2022-11-30,146.3286590576172,147.01073115671917,138.93463248466975,139.77485420692707,111380900
2022-12-01,146.6054229736328,147.41600568948158,144.92496463802757,146.5065813559001,71250400
2022-12-02,146.11114501953125,146.29896367002118,143.97596733513902,144.2824170237034,65447400
2022-12-05,144.94473266601562,149.18541949197922,144.09461635687657,146.07162962618466,68826400
2022-12-06,141.2675018310547,145.6070458162454,140.28887472844136,145.37969348940564,64727200
2022-12-07,139.3201446533203,141.72220883121116,138.3909458890047,140.55577809875786,69721100
2022-12-08,141.01048278808594,141.87049392300491,139.47830938217072,140.72382246539036,62128300
2022-12-09,140.52610778808594,143.89691905591846,139.28057976630063,140.7040317435328,76097000
2022-12-12,142.829345703125,142.83922534059286,139.43875970806542,141.05991017433828,70462700
2022-12-13,143.79806518554688,148.24634516014598,142.58220621584587,147.78174582279246,93886200
2022-12-14,141.56402587890625,144.97437036858227,139.53758448888027,143.67942923603562,82291200
2022-12-15,134.93115234375,140.17024039649047,134.46655303010576,139.48816842184618,98931900
2022-12-16,132.96401977539062,136.06792995299983,132.19298581991796,135.1189720463015,160156900
2022-12-19,130.84861755371094,133.6460931216457,129.81069766078807,133.5571311451233,79592600
2022-12-20,130.77944946289062,131.71852788327385,128.3971445130494,129.87990467683858,77432800
2022-12-21,133.89321899414062,135.2375886040089,131.224254130209,131.45160643001654,85928000
2022-12-22,130.71023559570312,133.01345799694343,128.80242492111796,132.8058800384377,77852100
2022-12-23,130.34446716308594,130.89802838748807,128.1499815353403,129.41526864352002,63814900
2022-12-27,128.53550720214844,129.8996510860134,127.24056601774359,129.86999709579138,69007800
2022-12-28,124.59139251708984,129.52403912125024,124.42334817846398,128.17966932882732,85438400
2022-12-29,128.12034606933594,128.9803420184741,126.26195630324504,126.51896259932623,75703700
2022-12-30,128.43667602539062,128.4564503839377,125.9654166682795,126.93415661096817,77034200
2023-01-03,123.63253021240234,129.39551842727084,122.74287269172645,128.78264911213327,112117500
2023-01-04,124.9076919555664,127.18126010449132,123.64240474081771,125.43159923588829,89113600
2023-01-05,123.58309936523438,126.30149268134268,123.32609306355886,125.66884902202133,80962700
2023-01-06,128.13023376464844,128.79253144434853,123.45460129199294,124.5617315121944,87754700
2023-01-09,128.6541290283203,131.87667022454877,128.39712274020837,128.9704583829939,70790800
2023-01-10,129.22747802734375,129.75138537718297,126.64747490986099,128.76287866678214,63896200
2023-01-11,131.9557342529297,131.9754935222946,128.96056085226581,129.74147432770857,69458900
2023-01-12,131.87667846679688,132.71690008626126,129.92931912019301,132.34127780837738,71379600
2023-01-13,133.21115112304688,133.36931580754018,130.14678954891528,130.51253218381837,57809700
2023-01-17,134.37759399414062,135.7120688975574,132.5883994032112,133.28035102906594,63646600
2023-01-18,133.65599060058594,137.01690717262807,133.47805156045354,135.24748690824802,69672800
2023-01-19,133.71531677246094,134.68404919653628,132.23255659782018,132.53899128723262,58280400
2023-01-20,136.28538513183594,136.4336701555814,132.67734247187641,133.72515693933153,80223600
2023-01-23,139.48817443847656,141.67278077878365,136.31506144495467,136.5325341153351,81760300
2023-01-24,140.891845703125,141.51460969317372,138.68748018952127,138.6973598255773,66435100
2023-01-25,140.22955322265625,140.79299416676852,137.21460493959157,139.27070057060922,65799300
2023-01-26,142.305419921875,142.59208020551668,140.26908361074402,141.52449124388164,54105100
2023-01-27,144.25279235839844,145.53785423534342,141.43555698402906,141.51463933928596,70555800
2023-01-30,141.35643005371094,143.87712465526727,141.208160111495,143.29390943800163,64015300
2023-01-31,142.6316375732422,142.6810659292456,140.64474436260411,141.05991540288298,65874500
2023-02-01,143.75851440429688,144.92496009089808,139.69576656602072,142.31530314667881,77663600
2023-02-02,149.0865936279297,149.44244157391893,146.46704171932092,147.18864741549214,118339000
2023-02-03,152.72427368164062,155.571177590554,146.13093629775682,146.32863460622823,154357300
2023-02-06,149.98611450195312,151.3403789118004,149.04703617157855,150.81647157748358,69858300
2023-02-07,152.87254333496094,153.44587898676582,148.90863720361276,148.90863720361276,83322600
2023-02-08,150.1739501953125,152.80338188493596,149.4325701004995,152.1114301464605,64120100
2023-02-09,149.135986328125,152.55622581029445,148.69116137357645,152.0125441621068,56007100
2023-02-10,149.50230407714844,149.8290111554016,147.73018216274517,147.9677914305051,57450700
2023-02-13,152.31396484375,152.71985991539307,149.41321016170093,149.44290943263957,62199000
2023-02-14,151.67044067382812,152.23475701699866,149.35380697400552,150.60122163396125,61707600
2023-02-15,153.77919006347656,153.94749097395436,151.35365383790918,151.58135329250317,65573800
2023-02-16,152.1753692626953,154.7692064041291,151.81896289081203,151.97735397330246,68167900
2023-02-17,151.02694702148438,151.47245120963535,149.34392280711089,150.8289468385779,59144100
2023-02-21,146.99758911132812,149.78944181785107,146.92829583835442,148.7004180444314,58867200
2023-02-22,147.42327880859375,148.4528887502369,145.69075089528818,147.3836697109664,51011300
2023-02-23,147.90838623046875,148.83900369928494,145.76996312428713,148.59149969615066,48394200
2023-02-24,145.24525451660156,145.72045796846467,144.26513323484133,145.64125487541327,55469600
2023-02-27,146.44314575195312,147.68066559008122,145.97783708430148,146.23525087875586,44998500
2023-02-28,145.93826293945312,147.59158785522064,145.36405184371336,145.58185657335414,50547000
2023-03-01,143.8592071533203,145.76003585720164,143.5621993638043,145.36403554214274,55479000
2023-03-02,144.45323181152344,145.24524759786468,142.46329007120497,142.93850860687647,52238100
2023-03-03,149.5220947265625,149.60129780845313,145.85903905116976,146.56194185497878,70732300
2023-03-06,152.2941436767578,154.7394840935164,151.92784263752011,152.2545345821982,87558000
2023-03-07,150.08641052246094,152.49214181283335,149.62110185942342,152.16543476603405,56182000
2023-03-08,151.34375,151.93776567756532,150.31413994619248,151.2843514535327,47204800
2023-03-09,149.0865020751953,152.99706215582498,148.73009571987657,152.02685072996366,53833600
2023-03-10,147.01736450195312,149.43300577006005,146.13625093512175,148.7102983763868,68572400
2023-03-13,148.96771240234375,151.61105337476013,146.2253637849075,146.33426615185107,84457100
2023-03-14,151.06654357910156,151.86845415267095,148.60141331315802,149.76962498664284,73695900
2023-03-15,151.4625244140625,151.71992308668965,148.42316862217967,149.6804929323757,77167900
2023-03-16,154.29397583007812,154.89788610113325,150.1260024664939,150.64081493684654,76161100
2023-03-17,153.45245361328125,155.17508659538842,152.7396410073364,154.52167252219854,98944600
2023-03-20,155.82850646972656,156.24432646768744,152.6109545912959,153.5217825705538,73641400
2023-03-21,157.6897430419922,157.80854012474336,154.97709383642948,155.7493201936468,73938300
2023-03-22,156.25424194335938,160.52120889186565,156.23443739167243,157.70956681019078,75701800
2023-03-23,157.3432159423828,159.93706781022715,156.10569609721924,157.24422341863578,67622100
2023-03-24,158.6500701904297,158.73916800835937,156.27403774029648,157.27394850099208,59196500
2023-03-27,156.69972229003906,159.1648674270664,156.29381212775743,158.34315238139064,52390300
2023-03-28,156.07601928710938,156.90764422361815,154.4226943488484,156.39283166414998,45992200
2023-03-29,159.16485595703125,159.44205919265104,157.75903523168998,157.778824672489,51305700
2023-03-30,160.73898315429688,160.8478855082498,159.65986944195512,159.9172681392784,49501700
2023-03-31,163.25363159179688,163.35263923391068,160.29349343380431,160.8182007028279,68749800
2023-04-03,164.5109405517578,164.62973762588464,162.5804125649775,162.62991638134497,56976200
2023-04-04,163.97634887695312,165.17425973324032,163.46153634610226,164.9366655701128,46278300
2023-04-05,162.12503051757812,163.40215974161865,160.1846074281314,163.09525716874828,51511700
2023-04-06,163.0160369873047,163.3130448064106,160.38259082111486,160.80829044689202,45390100
2023-04-10,160.41229248046875,160.41229248046875,158.48176428720794,159.80838211165943,47716900
2023-04-11,159.19456481933594,160.7389872555695,158.90745173956898,160.72909253457362,47644200
2023-04-12,158.50155639648438,160.441979159197,158.18474404786926,159.61036940374873,50133100
2023-04-13,163.9070281982422,164.1446374499689,159.8083630212289,160.01627300479524,68445600
2023-04-14,163.56053161621094,164.6594498569072,162.18441013519882,162.9467114928456,49386500
2023-04-17,163.58035278320312,163.73875898166128,162.39233650766008,163.44175113616387,41516200
2023-04-18,164.80795288085938,165.73857027099072,163.99613256812546,164.4416518212544,49923000
2023-04-19,165.9563751220703,166.48108235627174,163.8872303481945,164.14464415802902,47720200
2023-04-20,164.9861602783203,166.19398100625685,163.90704646438456,164.43175373561738,52456400
2023-04-21,163.37246704101562,164.78818286482107,162.8477596972957,163.40216631658865,58337300
2023-04-24,163.67935180664062,163.94666036414364,162.25372630855222,163.3526447044582,41949600
2023-04-25,162.1349334716797,164.64956760321772,162.09532436989073,163.54075445626503,48714100
2023-04-26,162.12503051757812,163.6298592139988,161.174623524589,161.43202227134714,45498800
2023-04-27,166.72860717773438,166.87710354316513,163.54075427728802,163.54075427728802,64902300
2023-04-28,167.98587036132812,168.15418633765918,166.20385404182377,166.8077642721044,55209200
2023-05-01,167.89678955078125,168.74820381228082,166.9562774855819,167.58988704485296,52472900
2023-05-02,166.85726928710938,168.64921071415353,165.8672534099648,168.39179691797213,48425700
2023-05-03,165.7781524658203,169.21350870294293,165.49105451372273,167.80768799680482,65136000
2023-05-04,164.13473510742188,165.3722550253471,162.66951575440282,163.24372680909343,81235400
2023-05-05,171.8370819091797,172.55978934902075,169.0551242996228,169.27292902501793,113316400
2023-05-08,171.76776123046875,172.1142728432519,170.39163971305302,170.75794076749395,55962800
2023-05-09,170.0550537109375,171.80737116626167,169.88675280256177,171.3222729910744,45326900
2023-05-10,171.82717895507812,172.29248769554175,170.1837487273319,171.29257694818676,53724500
2023-05-11,172.0152587890625,172.8468685009711,170.45103188917147,172.11426641943214,49514700
2023-05-12,171.0833740234375,172.5605284867848,169.52689179090092,172.1243165202818,45497800
2023-05-15,170.5876922607422,171.71787100649163,169.99285497252012,171.6682987112497,37266700
2023-05-16,170.5876922607422,171.64846676768477,170.3200139683082,170.5083796138232,42110300
2023-05-17,171.20233154296875,171.4402543357864,168.9518826544196,170.23077817517168,57951600
2023-05-18,173.54200744628906,173.73037308197308,171.0932844370763,171.50966446616422,65496700
2023-05-19,173.65106201171875,174.8704617599002,173.43295602393476,174.8704617599002,55772400
2023-05-22,172.6993408203125,173.20495707678998,171.95580173946098,172.48123481307542,43570900
2023-05-23,170.0820770263672,171.8864057178537,169.8044903241909,171.6385593675291,50747300
2023-05-24,170.35964965820312,170.93465495874622,169.0510289027881,169.61611066863975,45143500
2023-05-25,171.49977111816406,172.40192036340346,170.21096703266915,170.92476575302507,56058300
2023-05-26,173.918701171875,174.25578364207266,171.6186953371014,171.82689288847826,54835000
2023-05-30,175.77259826660156,177.44804166812344,175.0488913092159,175.43553093054112,55964400
2023-05-31,175.72303771972656,177.80495282122013,175.2372534954211,175.80235035598085,99625300
2023-06-01,178.53857421875,178.56831456742498,175.4057930547119,176.16916396782793,68901800
2023-06-02,179.3911590576172,180.21401063542314,177.7157155545107,179.47047169338217,61945900
2023-06-05,178.03298950195312,183.35672418608127,176.50624753561252,181.05671795588958,121946500
2023-06-06,177.6661834716797,178.56833268525313,175.9015035496613,178.41963092679066,64848400
2023-06-07,176.28814697265625,179.64894264257165,175.79245430672572,176.90280103766142,61944600
2023-06-08,179.0144500732422,179.28211321134853,175.93124119908015,176.36743802214428,50214900
2023-06-09,179.40110778808594,180.66015634842165,179.0739487923587,179.93644924551378,48870700
2023-06-12,182.2067108154297,182.30585540353945,179.41101193334958,179.7084305703386,54274900
2023-06-13,181.73081970214844,182.56357964467625,180.86831941362593,181.22521869290037,54929100
2023-06-14,182.3653106689453,182.8015225920405,180.45194442949565,181.7903054182597,57462900
2023-06-15,184.40757751464844,184.91319370821412,182.19679249165128,182.37524971506843,65433200
2023-06-16,183.3269805908203,185.37915556544473,182.68258615200966,185.12138568804832,101235600
2023-06-20,183.41619873046875,184.4968202621219,182.82137659501507,182.82137659501507,49799100
2023-06-21,182.37525939941406,183.8127651610623,181.01705115534045,183.30714894064778,49515700
2023-06-22,185.38905334472656,185.43862563579464,182.0877384404729,182.15714267343606,51245300
2023-06-23,185.07180786132812,185.94423180057566,183.41619616013958,183.95155271461957,53079300
2023-06-26,183.67396545410156,186.43001547826037,183.63430156934749,185.22052415803645,48088700
2023-06-27,186.43992614746094,186.767085127622,184.07051577054278,184.28862175731683,50730800
2023-06-28,187.6196746826172,188.26406909954764,185.9838949305078,186.31103877905792,51216800
2023-06-29,187.9567413330078,188.43261718372244,187.31234691859044,187.45114025988062,46347300
2023-06-30,192.29904174804688,192.80464289432788,189.61238045543556,189.97920336768664,85069600
2023-07-03,190.80201721191406,192.20978249103928,190.10803541561756,192.11063791232868,31458200
2023-07-05,189.6817626953125,191.31754248795588,188.97787243386384,189.91970062749374,46920300
2023-07-06,190.1576385498047,190.36583614793244,187.57012195006965,188.20460802565435,45094300
2023-07-07,189.03736877441406,191.01023124936708,188.60117188700468,189.76109103858747,46778000
2023-07-10,186.98519897460938,188.35331565327752,185.42871665150543,187.62959342704087,59922200
2023-07-11,186.4597625732422,187.66925393721883,184.99251645839882,187.53046059023825,46638100
2023-07-12,188.1352081298828,190.04857465553215,186.84640410814296,188.04597194874682,60750200
2023-07-13,188.89857482910156,189.54298444064506,188.14512734155142,188.85892606758472,41342300
2023-07-14,189.04727172851562,189.53304086059518,187.99640569502964,188.59122781892412,41573900
2023-07-17,192.31883239746094,192.64599134916114,190.1576046603519,190.2468257033596,50520200
2023-07-18,192.0610809326172,192.65591819761897,190.76236853561463,191.6843647836334,48353800
2023-07-19,193.41928100585938,196.52230675519328,190.99037488225764,191.4365103758755,80507300
2023-07-20,191.46627807617188,194.77750187069304,190.8417003977572,193.4093850998196,59581200
2023-07-21,190.2864990234375,193.29039530573385,189.58260879656223,192.42789492586837,71917800
2023-07-24,191.08949279785156,193.23088840996041,190.5938002095303,191.74381064499659,45377800
2023-07-25,191.95204162597656,192.76498493762563,191.25807485221583,191.66454650804036,37283200
2023-07-26,192.82443237304688,193.95461096026835,191.65460503159764,192.0015807949404,47471900
2023-07-27,191.55548095703125,195.50119046422063,190.89125457942112,194.33136299756583,47460200
2023-07-28,194.14297485351562,194.93608607706628,192.4675313646912,192.99296433573411,48291400
2023-07-31,194.75765991210938,194.79732379964574,193.57790885902568,194.3710202090042,38824100
2023-08-01,193.92486572265625,195.0352123410956,193.59770678100793,194.54944325919743,35175100
2023-08-02,190.9209747314453,193.49856732490423,190.19726772902345,193.35977399392826,50389300
2023-08-03,189.5231170654297,190.71277634396813,189.047256379482,189.91968024316816,61235200
2023-08-04,180.42221069335938,185.7657766923876,180.3528064633521,183.92179948550063,115799700
2023-08-07,177.3092803955078,181.5524085909385,175.82220233279125,180.56102321579414,97576100
2023-08-08,178.25108337402344,178.71703568412062,176.05020675575068,178.14203038384454,67823000
2023-08-09,176.6549530029297,179.3713391045639,175.48511045638642,179.31185840559957,60378500
2023-08-10,176.4368438720703,179.1928938087059,176.07003615011226,177.93383023619305,54686900
2023-08-11,176.49639892578125,177.32036168980022,175.26543082107975,176.02983256684112,51988100
2023-08-14,178.15426635742188,178.38258864969947,176.01990054114177,176.6751020557822,43675600
2023-08-15,176.15887451171875,178.174103062697,175.76179096239193,177.57847773870674,43622600
2023-08-16,175.2852783203125,177.2409306015471,175.21578037161723,175.84120131881224,46964900
2023-08-17,172.7340087890625,176.2184652373002,172.21778796969687,175.8511621348624,66062900
2023-08-18,173.22044372558594,173.8260060676773,170.70885281849434,171.04637539663875,61114200
2023-08-21,174.5605926513672,174.84849110751958,172.47588124297116,173.79620604217206,46311900
2023-08-22,175.94049072265625,176.38721354501158,174.96762533098521,175.77172944077836,42084200
2023-08-23,179.80218505859375,180.2290643006026,177.032491470534,177.2211114741355,52722800
2023-08-24,175.09669494628906,179.78235426712118,174.72937670082027,179.35547499475715,54945800
2023-08-25,177.31044006347656,177.84650437604776,174.54074667761984,176.08939374478845,51449600
2023-08-28,178.87896728515625,179.27605088665493,177.25090028258217,178.77968881089737,43820700
2023-08-29,182.7803497314453,183.55467328918405,178.19396940518234,178.39251118833664,53003900
2023-08-30,186.28468322753906,186.48324017846022,183.39586742396716,183.59440922711968,60813900
2023-08-31,186.5030517578125,187.7439567493299,186.1158900063697,186.47327124983738,60794500
2023-09-01,188.08151245117188,188.53815704908098,186.91009015003394,188.11129296200212,45732600
2023-09-05,188.31976318359375,188.59772472633045,186.24497340110617,186.91009674606673,45280000
2023-09-06,181.57916259765625,187.47594597496703,180.14963751857883,187.02920802693,81755800
2023-09-07,176.26808166503906,176.91336139268128,172.27732670257566,173.90539355501954,112488800
2023-09-08,176.88357543945312,178.9285998393183,176.4964136407334,177.05235186894313,65551300
2023-09-11,178.0549774169922,178.98814040153138,176.0496706936909,178.7598181226865,58953100
2023-09-12,175.0172576904297,178.81939272059032,173.5480302988034,178.18404991763566,90370200
2023-09-13,172.94247436523438,176.00998823848755,172.7141369128852,175.22572770658326,84267900
2023-09-14,174.4613494873047,174.81873079113439,172.31706166432645,172.73400399416633,60895800
2023-09-15,173.7366180419922,175.2157822233053,172.5552892315787,175.19592350235882,109205100
2023-09-18,176.6750946044922,178.0748391046168,174.88818834345716,175.1959303652364,67257600
2023-09-19,177.76712036132812,178.3230434602776,175.84123309156146,176.22839490317045,51826900
2023-09-20,174.21316528320312,178.39252544188162,174.12380859804207,177.95572439538154,58436200
2023-09-21,172.66448974609375,175.01725608596104,172.59500693822505,173.27998896827123,63047900
2023-09-22,173.5182342529297,175.79158086544706,172.7836281326413,173.39911221131908,56725400
2023-09-25,174.79885864257812,175.6823824720043,172.88289328236814,172.93253251615403,46172700
2023-09-26,170.70883178710938,173.92524796713502,170.41101154694528,173.54802313417602,64588900
2023-09-27,169.18995666503906,171.78096710415326,167.8200077433672,171.36402481079512,66921800
2023-09-28,169.4480743408203,170.77832096236608,166.40040416763804,168.1078907839796,56294400
2023-09-29,169.96429443359375,171.81076180692196,169.10061419351356,170.76839850543928,51814200
2023-10-02,172.48580932617188,173.03181060107437,169.6863201427267,169.97421860938772,52164500
2023-10-03,171.14559936523438,172.3666607047571,169.5771088868543,171.0066186210324,49594600
2023-10-04,172.39645385742188,172.9424550881848,169.72602386786275,169.84514590084152,53020300
2023-10-05,173.63735961914062,174.17342391765436,171.42357417816774,172.5254984313363,48527900
2023-10-06,176.19859313964844,176.69495515352654,171.91993985589522,172.53543905358532,57224100
2023-10-09,177.6876983642578,177.7472593887107,174.52090595018925,175.52355187327169,42390800
2023-10-10,177.092041015625,178.41236580749592,176.6552400140717,176.80415770883764,43698000
2023-10-11,178.49179077148438,178.54143000452555,176.30780084757703,176.90342620076967,47551100
2023-10-12,179.39520263671875,181.01333283445837,177.73733983917697,178.75985973412483,56743100
2023-10-13,177.54872131347656,180.60629838312414,176.84388049788197,180.10001451689263,51427100
2023-10-16,177.41964721679688,177.7770284883398,175.22572035442593,175.46397958471027,52517000
2023-10-17,175.861083984375,177.12184794550885,173.52819122938874,175.36472188998187,57549400
2023-10-18,174.5605926513672,176.28793794498117,173.83590833900334,174.30248985254676,54764400
2023-10-19,174.18338012695312,176.54605322348112,173.91534037415258,174.75914678442408,59302900
2023-10-20,171.6221466064453,174.14365914589465,171.38388737014972,174.03445888939677,64189300
2023-10-23,171.7412567138672,172.7439025281915,168.69358667928853,169.66646713238327,55980100
2023-10-24,172.1780548095703,172.40637709061713,170.2025285754243,171.79089305137515,43816600
2023-10-25,169.85511779785156,171.8008487599163,169.4083797866938,170.62944146713008,57157000
2023-10-26,165.67572021484375,170.13305676328346,164.4645956319317,169.1303957533013,70625300
2023-10-27,166.9960479736328,167.73066925493364,165.6161620916175,165.69558183671225,58499100
2023-10-30,169.05096435546875,169.92456632823416,167.6412980843576,167.79021577395145,51131000
2023-10-31,169.52749633789062,169.6565401685357,166.67836791176023,168.11782995408234,44846000
2023-11-01,172.70419311523438,172.96229589848681,168.88219970872248,169.75580166398598,56934900
2023-11-02,176.27804565429688,176.48650925613524,174.18339696037063,174.2429579894673,77334800
2023-11-03,175.36468505859375,175.53346146527645,172.08870804185926,172.97223177840408,79763700
2023-11-06,177.92593383789062,178.1244756256995,174.92791800211177,175.09667927913767,63841300
2023-11-07,180.49710083007812,181.1125849169399,177.66783112206795,177.87629469765844,70530000
2023-11-08,181.55929565429688,182.1152186825965,180.26875139702054,181.02323134779837,49340300
2023-11-09,181.0828094482422,182.78035920210118,180.4871689201494,181.62881074103257,53763500
2023-11-10,185.28756713867188,185.45656593393633,182.43470002292048,182.87207654959846,66133400
2023-11-13,183.6970977783203,184.9197527658604,183.1106225987718,184.71101456121173,43627500
2023-11-14,186.32135009765625,186.987349680322,185.18815428767326,186.579792942837,60108400
2023-11-15,186.887939453125,188.36905250310778,186.65931635404164,186.72890587030213,53790500
2023-11-16,188.57778930664062,189.82032912157422,187.52410280269015,188.43862545407694,54412900
2023-11-17,188.5579376220703,189.24382214751304,187.4446266055401,189.11459313033544,50922700
2023-11-20,190.30740356445312,190.76466491067268,188.7467813740569,188.75671623264228,46505100
2023-11-21,189.50222778320312,190.37698064874536,188.60760520178732,190.2676365405526,38134500
2023-11-22,190.16822814941406,191.77855487032625,189.69109711501824,190.3471617671388,39617700
2023-11-24,188.83624267578125,189.76068506922263,188.1205384889839,189.73086532541635,24048300
2023-11-27,188.6573028564453,189.53205575999598,187.77261509452617,188.78653185384877,40552600
2023-11-28,189.263671875,189.9396214691522,188.26963995303524,188.64737693705334,38415400
2023-11-29,188.23983764648438,190.9436059381113,187.84223090795535,189.7607054145589,43014200
2023-11-30,188.8163604736328,189.1841625986753,187.06686975200412,188.70701635554832,48794400
2023-12-01,190.09866333007812,190.41674564636727,188.10064953196948,189.19409067360718,45679300
2023-12-04,188.29945373535156,188.91576382150808,186.33127483914026,188.84617430866663,43389500
2023-12-05,192.26564025878906,193.23978723319652,189.04497157673757,189.07480648679842,66628400
2023-12-06,191.17221069335938,193.59763564136293,190.96345733322272,193.28948819788866,41089700
2023-12-07,193.11058044433594,193.8362194805571,192.43463086867496,192.4744006383907,47477700
2023-12-08,194.5419921875,194.8203199094653,192.5141585929263,193.04099429291227,53377300
2023-12-11,192.02706909179688,192.3352317119437,190.27757846347603,191.957494748212,60943700
2023-12-12,193.5479736328125,193.5579084922386,190.5758125501861,191.92769665062553,52696900
2023-12-13,196.77857971191406,196.81833431777545,193.6871396116279,193.92569758224516,70404200
2023-12-14,196.92767333984375,198.4286561477334,194.9893140401918,196.83821410318075,66831600
2023-12-15,196.39088439941406,197.21591750628332,195.82427895138287,196.35111463057538,128256700
2023-12-18,194.7209014892578,195.45649052996882,193.2298536912898,194.9197048287757,55751900
2023-12-19,195.76466369628906,195.77459855586707,194.72092706706565,194.98931995291727,40714100
2023-12-20,193.66725158691406,196.50023361616374,193.66725158691406,195.72488988877126,52242800
2023-12-21,193.5181121826172,195.90379770975298,192.34516188676014,194.9296507492267,46482500
2023-12-22,192.444580078125,194.24377537319003,191.81833513340536,194.01513711760236,37122800
2023-12-26,191.8978729248047,192.73285613100865,191.67918468017166,192.45452839560733,28919300
2023-12-27,191.9972686767578,192.34518593287333,189.94956524818429,191.34121910492223,48087700
2023-12-28,192.42471313476562,193.4982694967864,192.01715638138543,192.98136861854135,34049900
2023-12-29,191.38096618652344,193.23980104114617,190.58573760932344,192.7427850763616,42628800
2024-01-02,184.53208923339844,187.31538170646215,182.79253333369908,186.03307200647276,82488700
2024-01-03,183.150390625,184.77066759112085,182.3352771284137,183.1205708792931,58414500
2024-01-04,180.8243408203125,181.99729114451387,179.80048920928164,181.06289876138527,71983600
2024-01-05,180.0987091064453,181.66928147459845,179.09474225448028,180.90388776119542,62303300
2024-01-08,184.4525604248047,184.49233019548157,180.41679326133186,181.0032684531674,59144500
2024-01-09,184.0350799560547,184.04501481546237,181.63945924679223,182.8223597284498,42841800
2024-01-10,185.0788116455078,185.2875498615879,182.82235486658107,183.24979649333252,46792900
2024-01-11,184.48239135742188,185.93368472067908,182.52414714521402,185.42671870400414,49128400
2024-01-12,184.81040954589844,185.6255229866903,184.08477050382692,184.9495734055796,40444700
2024-01-16,182.53407287597656,183.16030262539027,179.85017475552078,181.07284484780743,65603000
2024-01-17,181.58973693847656,181.83824490899738,179.22395137316974,180.18816351220838,47317400
2024-01-18,187.50424194335938,188.01119275141858,184.72094959289208,184.979392426226,78005800
2024-01-19,190.41677856445312,190.8044504602843,187.693140433438,188.20009132253247,68741000
2024-01-22,192.7328338623047,194.16424214625192,191.1125571009308,191.15232686866392,60133900
2024-01-23,194.01515197753906,194.58175747905844,192.67321792314553,193.8561183903394,42355600
2024-01-24,193.33920288085938,195.20798769039715,193.18015413797895,194.25371040083746,53631300
2024-01-25,193.0111846923828,195.0986578845498,191.95751323703675,194.0549212884663,54822100
2024-01-26,191.27162170410156,193.59765277461963,190.79449062577763,193.11058683739938,44594000
2024-01-29,190.5857391357422,191.05293535979936,188.44857653714126,190.8640668648328,47145600
2024-01-30,186.91775512695312,190.65532484477694,186.35116482109103,189.80045678886228,55859400
2024-01-31,183.2994842529297,185.98338263365994,183.24979478995033,185.92372797618197,55467800
2024-02-01,185.7448272705078,185.83428651369454,182.7229765480854,182.8919601744576,64885400
2024-02-02,184.74082946777344,186.21199239128737,178.1802130458578,178.78657309445222,102518000
2024-02-05,186.55990600585938,188.120543422021,184.73089088840356,187.02710222804,69668800
2024-02-06,188.17025756835938,188.18019242781668,185.6553578627436,185.74481710103248,43490800
2024-02-07,188.27960205078125,189.9098139006124,187.48437342868021,189.5022571462235,53439000
2024-02-08,187.1961212158203,188.4088263513659,186.23190892276523,188.25972761232654,40962000
2024-02-09,187.9624786376953,189.0971204380579,187.11646725876852,187.76340641648085,45155200
2024-02-12,186.2704620361328,187.78332288230948,185.91215328801408,187.53449778464588,41781900
2024-02-13,184.1703643798828,185.33487911795885,182.64755610649428,184.89694454758455,56529500
2024-02-14,183.28456115722656,184.65808055839094,181.5826059912504,184.44907598078342,54630500
2024-02-15,182.9959259033203,183.62296999377594,180.4977274519665,182.68738521978767,65434500
2024-02-16,181.45318603515625,183.981257173353,180.81619448303394,182.5579699194549,49701400
2024-02-20,180.70672607421875,181.5726325042779,179.15405998428736,180.93564089848354,53665600
2024-02-21,181.46316528320312,182.03047857973698,179.8109630738625,181.08494629412857,41529700
2024-02-22,183.50352478027344,184.09076354210745,181.60251261136847,182.6177080564135,52292200
2024-02-23,181.6622314453125,184.1703774935557,181.37358582743232,184.14051969682032,45119700
2024-02-26,180.30860900878906,181.90108040317875,179.8009961275691,181.38353517321784,40867400
2024-02-27,181.77169799804688,183.05562869813585,178.71611879819,180.24888975946536,54318900
2024-02-28,180.56739807128906,182.25940572629614,179.28346722817705,181.65227187035535,48953900
2024-02-29,179.90054321289062,181.71199718953457,178.6862755375109,180.41810366151438,136682600
2024-03-01,178.81565856933594,179.68156498512658,176.54637506189474,178.70617492699984,73488000
2024-03-04,174.27711486816406,176.06864352848322,172.97325852152966,175.32216819099037,81510100
2024-03-05,169.3204803466797,171.23145507958293,168.82283020205665,169.9574719243141,95132400
2024-03-06,168.32518005371094,170.43522699407845,167.88724549652,170.256065044738,68587700
2024-03-07,168.20574951171875,169.92761476617306,167.6981518296525,168.35503848083317,71765100
2024-03-08,169.92762756347656,172.8836708711805,168.14604658720506,168.20576217934803,76114600
2024-03-11,171.93814086914062,173.56048535052068,171.2414336396481,172.12725037151972,60139500
2024-03-12,172.41586303710938,173.2121062975323,170.20629520329734,172.3362371923594,59825400
2024-03-13,170.32577514648438,172.37609169504998,169.95750364352025,171.9580673179999,52488700
2024-03-14,172.1869659423828,173.49080701178275,171.2414336176872,172.0973925529764,72913500
2024-03-15,171.80873107910156,171.80873107910156,169.4896795825833,170.36554869703198,121664700
2024-03-18,172.90357971191406,176.87483361469177,172.70452267737835,174.7448914522954,75604200
2024-03-19,175.2524871826172,175.77999515234478,172.2168180823409,173.52065910891577,55215200
2024-03-20,177.83030700683594,177.83030700683594,174.2671300256647,174.89417408943874,53423100
2024-03-21,170.56460571289062,176.65585381045534,170.037097774542,176.21791925324277,106181300
2024-03-22,171.47035217285156,172.23673773536032,169.26078406375387,170.95279171103329,71106600
2024-03-25,170.0470733642578,171.13194711675717,168.65364374159117,169.76839047714014,54288300
2024-03-26,168.9124298095703,170.61438491064948,168.78303590364706,169.20106023000122,57388400
2024-03-27,172.49549865722656,172.78414425918754,169.31054062211945,169.609133760084,60273300
2024-03-28,170.67410278320312,171.4205780589011,169.70866021166748,170.94283813483634,65672700
2024-04-01,169.23092651367188,170.4451942217802,168.68350825393796,170.38547862745995,46240500
2024-04-02,168.0465087890625,168.54415896803064,167.43937496323824,168.28538634231538,49329500
2024-04-03,168.85269165039062,169.8778497555363,167.78772821512752,167.99673277562965,47691700
2024-04-04,168.026611328125,171.11203328162168,168.026611328125,169.48968886138192,53704400
2024-04-05,168.7830352783203,169.5892261323792,168.15599119757314,168.79298281447828,42055200
2024-04-08,167.65834045410156,168.40481571452685,167.4493358859462,168.23561647794648,37425500
2024-04-09,168.87261962890625,169.2806964440478,167.55883097808936,167.90717701117094,42451200
2024-04-10,166.99148559570312,168.29532657810816,166.3246362072623,168.0066961691415,49709300
2024-04-11,174.2173614501953,174.63540094951088,167.36970557110288,167.54885233902874,91070300
2024-04-12,175.72027587890625,177.52176704196785,173.39127675717174,173.44102962389059,101593300
2024-04-15,171.87841796875,175.7999037342719,171.68930847441092,174.53586805138283,73531800
2024-04-16,168.58399963378906,172.94340539530876,167.47921549696915,170.94285690412892,73711200
2024-04-17,167.21046447753906,169.84800441976404,167.21046447753906,168.81289870293196,50901200
2024-04-18,166.2549591064453,167.8474456964944,165.7672716683895,167.24031189258443,43122900
2024-04-19,164.22454833984375,165.6179626751691,163.30887389276177,165.42886837664992,67772100
2024-04-22,165.0606231689453,166.47394798708703,163.99565958352764,164.74213492186811,48116400
2024-04-23,166.11563110351562,166.26493527613894,164.1449405589347,164.57292762929356,49537800
2024-04-24,168.22567749023438,168.50436038665487,165.4288858023208,165.75732156896873,48251800
2024-04-25,169.09158325195312,169.80820075027214,167.3597550998357,168.73327450279362,50558300
