Price,Close,High,Low,Open,Volume
Ticker,AAPL,AAPL,AAPL,AAPL,AAPL
Date,,,,,
2020-01-02,72.716064453125,72.77659055848162,71.4668047519516,71.72101143907315,135480400
2020-01-03,72.00911712646484,72.77174458511139,71.7839617851537,71.94132818321717,146322800
2020-01-06,72.58291625976562,72.62165386110323,70.87608272259153,71.12787343706493,118387200
2020-01-07,72.24153900146484,72.84921605109494,72.02122310005907,72.59258596559819,108872000
2020-01-08,73.40365600585938,73.70628659812324,71.9437663243162,71.9437663243162,132079200
2020-01-09,74.9627914428711,75.15647202012606,74.13237506994084,74.38415834268419,170108400
2020-01-10,75.13227081298828,75.69880172853615,74.62869680726308,75.19764374317383,140644800
2020-01-13,76.73741149902344,76.76404682603398,75.3307854721379,75.44942165682815,121532000
2020-01-14,75.70121002197266,76.88510420958616,75.57774178905865,76.6744745414686,161954400
2020-01-15,75.37678527832031,76.3839404992497,74.9434163205122,75.50026089033786,121923600
2020-01-16,76.32100677490234,76.43238014496747,75.55837921189631,75.92153589794125,108829200
2020-01-17,77.16595458984375,77.16837061022176,76.26290232469962,76.57037231867773,137816400
2020-01-21,76.64301300048828,77.23616451241722,76.50501168087581,76.79311658809118,110843200
2020-01-22,76.91656494140625,77.47097865524583,76.82214068619064,77.12961059079142,101832400
2020-01-23,77.28699493408203,77.3668861399878,76.42025699227077,76.96983874202517,104472000
2020-01-24,77.06427764892578,78.27963949778808,76.87301303795586,77.53396093858308,146537600
2020-01-27,74.79815673828125,75.48088552561684,73.8127900649216,75.06688907368486,161940000
2020-01-28,76.91416931152344,77.08606141566885,75.5825947326495,75.68185845150586,162234000
2020-01-29,78.52415466308594,79.37394362780475,77.80752757594179,78.55078999397739,216229200
2020-01-30,78.4103775024414,78.46364078408652,77.17080373518314,77.60417282727558,126743200
2020-01-31,74.93374633789062,78.12225762194025,74.63837863048332,77.69857485901245,199588400
2020-02-03,74.72795867919922,75.89731989448796,73.16880546652003,73.67237945985059,173788400
2020-02-04,77.19500732421875,77.3862719133486,75.93122176752728,76.33795548064964,136616400
2020-02-05,77.8244857788086,78.62585099313237,77.21922459648295,78.32563642255818,118826800
2020-02-06,78.73478698730469,78.73721039613278,77.53637437960353,78.09563507421905,105425600
2020-02-07,77.66455841064453,78.48238543817546,77.17192034743294,78.23242636976711,117684000
2020-02-10,78.03343200683594,78.03343200683594,76.16480809009461,76.24488890405078,109348800
2020-02-11,77.56263732910156,78.60373238920275,77.34422769426291,78.53093164624849,94323200
2020-02-12,79.40459442138672,79.40944533661985,78.01404068842541,78.01404068842541,113730400
2020-02-13,78.83911895751953,79.16673706133996,78.4702495744921,78.6740990287421,94747600
2020-02-14,78.85855865478516,79.10851777495836,78.34893117896286,78.80759072301922,80113600
2020-02-18,77.41463470458984,77.5966440338326,76.34926987588581,76.53127920512857,152531200
2020-02-19,78.53579711914062,78.76634519119376,77.65730009675248,77.65730009675248,93984000
2020-02-20,77.7300796508789,78.78573476731503,77.222881436687,78.29552586031969,100566000
2020-02-21,75.97067260742188,77.76650347779221,75.3518440007245,77.32239667498202,129554000
2020-02-24,72.36202239990234,73.81809639904387,70.19004979476811,72.13876186738017,222195200
2020-02-25,69.91097259521484,73.41768758581995,69.4377529242665,73.03425797216033,230673600
2020-02-26,71.02000427246094,72.28921804434103,69.52752997923261,69.53481005262495,198054800
2020-02-27,66.37757873535156,69.40621629434781,66.24167904417651,68.21709029357726,320605600
2020-02-28,66.33875274658203,67.56428659945458,62.21563736129434,62.431625307107254,426510000
2020-03-02,72.5149154663086,73.15316245707646,67.39681595785085,68.50343166746465,341397200
2020-03-03,70.2118911743164,73.77441717355254,69.35765634090362,73.69433636090781,319475600
2020-03-04,73.46863555908203,73.62880458228122,71.13649400429283,71.93976087414214,219178400
2020-03-05,71.08555603027344,72.69451203400999,70.71910826678842,71.71651568382781,187572800
2020-03-06,70.14152526855469,70.57592284013839,68.24863164787311,68.43549184953756,226176800
2020-03-09,64.5938949584961,67.48662548846899,63.8245990046388,64.00660831738968,286744800
2020-03-10,69.24604034423828,69.5129887846972,65.37045555760074,67.25607654604191,285290000
2020-03-11,66.84107208251953,68.24618550081415,65.97470631539656,67.31672823268998,255598800
2020-03-12,60.240211486816406,65.52333473547242,60.18439634961911,62.11126834135515,418474000
2020-03-13,67.45748901367188,67.93071607578169,61.38565875889742,64.28325061879912,370732000
2020-03-16,58.77928924560547,62.87327957704444,58.24296696218062,58.71619032815072,322423600
2020-03-17,61.36381912231445,62.5165408014644,57.854678750743666,60.06548484229005,324056000
2020-03-18,59.86163330078125,60.66975488014331,57.54404792376218,58.18714954728448,300233600
2020-03-19,59.4029655456543,61.35895770048267,58.87635255804571,60.036357886139776,271857200
2020-03-20,55.63174057006836,61.11385881136198,55.330817248448476,59.98539913252844,401693200
2020-03-23,54.44988250732422,55.45214789716105,51.595978985823706,55.35022316814183,336752800
2020-03-24,59.91259765625,60.10916707001685,56.85969513959366,57.359613328429845,287531200
2020-03-25,59.58255386352539,62.67185674280047,59.286485163699844,60.85176409780143,303602000
2020-03-26,62.71799087524414,62.77623149274719,59.78642673093257,59.82525627792755,252087200
2020-03-27,60.12129592895508,62.094273652565946,59.95384682888378,61.33711636840459,204216800
2020-03-30,61.83705520629883,62.009358980808905,60.52416050701134,60.84935328545367,167976400
2020-03-31,61.710845947265625,63.70081315714961,61.15511262455559,62.02875857181586,197002000
2020-04-01,58.46379852294922,60.35912091217952,58.03183020107801,59.82037323829742,176218400
2020-04-02,59.439369201660156,59.49275888105111,57.49065701285396,58.32547341461665,165934000
2020-04-03,58.58513641357422,59.626227661114996,57.992999079947744,58.92246006471552,129880000
2020-04-06,63.69597625732422,63.85128701213313,60.51930809689075,60.888177619792245,201820400
2020-04-07,62.95820999145508,65.93588600447147,62.853859800879945,65.71746898385814,202887200
2020-04-08,64.5696029663086,64.88508270225176,63.395037501230945,63.76147775323179,168895200
2020-04-09,65.0355453491211,65.54032183594127,64.23713674062121,65.20785277807086,161834800
2020-04-13,66.31204986572266,66.42125839971293,64.51136807094039,65.11321477612952,131022800
2020-04-14,69.66101837158203,69.95223619410436,67.47690692059525,67.9501340306998,194994800
2020-04-15,69.02519989013672,69.4862886004415,68.10302246952716,68.53256171861511,131154400
2020-04-16,69.57364654541016,69.94009422345636,68.5204205220071,69.7410956561746,157125200
2020-04-17,68.62962341308594,69.63674726381512,67.1881094519009,69.08829031254295,215250000
2020-04-20,67.20510864257812,68.35783414900595,67.18569757688921,67.4526460174679,130015200
2020-04-21,65.1277847290039,67.28277618454192,64.41430762802233,67.0473771763136,180991600
2020-04-22,67.00367736816406,67.4404966317663,66.05723069304202,66.39940158614417,116862400
2020-04-23,66.74403381347656,68.37483769193324,66.70520426803968,66.94788337253634,124814400
2020-04-24,68.6708755493164,68.68058478279482,67.22208165212722,67.27062041354411,126161200
2020-04-27,68.71944427490234,69.05191345824856,67.93801727360125,68.38696768557772,117087600
2020-04-28,67.60552215576172,69.36494515545422,67.51331034369456,69.18293587962397,112004800
2020-04-29,69.82604217529297,70.29684010085327,68.89415555935265,69.0980050622793,137280800
2020-04-30,71.2990951538086,71.47625350962926,69.97649890054853,70.36720857906009,183064000
2020-05-01,70.1512222290039,72.56102298757865,69.3697955313602,69.46686565282405,240616800
2020-05-04,71.1437759399414,71.27239551263796,69.48385248239573,70.17548910786692,133568000
2020-05-05,72.2115707397461,73.04638718577591,71.45926427424553,71.60487317175793,147751200
2020-05-06,72.95660400390625,73.58999276968885,72.5294865058915,72.91534530676655,142333600
2020-05-07,73.71133422851562,74.05837090774547,73.28179496479571,73.58514378532654,115215200
2020-05-08,75.46577453613281,75.51930873875061,74.04469357012428,74.37319856682336,133838400
2020-05-11,76.65325927734375,77.14965926401848,74.7625342106639,74.97180698726206,145946400
2020-05-12,75.77725219726562,77.79207364909227,75.65558421726155,77.33946490194451,162301200
2020-05-13,74.86229705810547,76.88198972405412,73.78188493945902,75.95730873840742,200622400
2020-05-14,75.32222747802734,75.38306147799402,73.3731037427669,74.09824769573883,158929200
2020-05-15,74.87692260742188,74.92315704405203,73.05190250683913,73.08597311320905,166348400
2020-05-18,76.64108276367188,77.0158221767727,75.51200790514008,76.20551679383226,135178400
2020-05-19,76.1982421875,77.50738369119736,76.1666073178484,76.65814338759236,101729600
2020-05-20,77.68012237548828,77.7506844400657,77.0206767368224,77.05961137211806,111504800
2020-05-21,77.10101318359375,78.08409270413537,76.8625412299203,77.54145075007376,102688800
2020-05-22,77.59740447998047,77.68013781166567,76.73599313969208,76.83819007988166,81803200
2020-05-26,77.07179260253906,78.89924040659268,77.01582266467501,78.71917419280368,125522000
2020-05-27,77.4075927734375,77.55359582351838,76.1860490206754,76.92822809774341,112945200
2020-05-28,77.44166564941406,78.70457981685169,76.80412665218442,77.08152577208277,133560800
2020-05-29,77.36625671386719,78.1473632781746,77.00855245854444,77.68502631390008,153532400
2020-06-01,78.31768035888672,78.43934833911615,77.18859793786604,77.32000143580059,80791200
2020-06-02,78.68026733398438,78.70460242104059,77.60715460123102,78.05002793716592,87642800
2020-06-03,79.11338806152344,79.37619506332315,78.4271788552984,79.00145559647322,104491200
2020-06-04,78.43205261230469,79.23505835292487,78.05731313453714,78.93575985874213,87560400
2020-06-05,80.66584777832031,80.72668175100381,78.65346263531809,78.68266175404264,137250400
2020-06-08,81.1427993774414,81.17686997307266,79.64872058754821,80.36169309987528,95654400
2020-06-09,83.70511627197266,84.09931925314608,80.78995685878904,80.82159171486241,147712400
2020-06-10,85.8586654663086,86.32830212094579,84.21614761710595,84.65658514258793,166651600
2020-06-11,81.7365493774414,85.42552350785493,81.63435243044103,84.99968556796321,201662400
2020-06-12,82.44221496582031,84.63223846471662,81.32773960827684,83.88276702365586,200146000
2020-06-15,83.46179962158203,84.11637395651466,80.9286713541559,81.0917097169114,138808800
2020-06-16,85.6737289428711,85.94627147951505,83.88277968678821,85.52286182278011,165428800
2020-06-17,85.55447387695312,86.48158312349922,85.43280591886547,86.42074914445539,114406400
2020-06-18,85.58856964111328,86.00710783706685,84.9777939355582,85.51070034279051,96820400
2020-06-19,85.09945678710938,86.76387395155108,83.98740960809002,86.29667304189616,264476000
2020-06-22,87.32597351074219,87.46954083393744,85.4474196297417,85.4936540555532,135445200
2020-06-23,89.18993377685547,90.61345070235802,88.15332015682368,88.57429406296431,212155600
2020-06-24,87.61553955078125,89.73986501886358,87.24080011710065,88.81761971025675,192623200
2020-06-25,88.77869415283203,88.81762879904495,87.0096443292993,87.77128710141119,137522400
2020-06-26,86.0509033203125,88.89550150488402,85.90246451179942,88.67406487318402,205256800
2020-06-29,88.0340576171875,88.12896217837923,85.47903078292525,85.95840278125152,130646000
2020-06-30,88.76893615722656,89.05607817208544,87.60092677069302,87.6203903758588,140223200
2020-07-01,88.60103607177734,89.39187779218567,88.55237334459665,88.84680772121614,110737200
2020-07-02,88.60103607177734,90.14865634616976,88.48667532119246,89.51111743972731,114041600
2020-07-06,90.97113800048828,91.44077455841791,90.00265833546331,90.03429319420877,118655600
2020-07-07,90.68887329101562,92.13185365235528,90.57694083639849,91.35074735374833,112424400
2020-07-08,92.80101776123047,92.83265261870064,91.58190243701405,91.6695072289332,117092000
2020-07-09,93.20011138916016,93.7500456266075,92.14889822617897,93.69651141665871,125642800
2020-07-10,93.36314392089844,93.42154960385396,92.18053466189855,92.79373863774762,90257200
2020-07-13,92.93243408203125,97.29058186234049,92.71829725665447,94.67228464918172,191649200
2020-07-14,94.47032165527344,94.66255171537146,91.37508797222462,92.31192546978035,170989200
2020-07-15,95.1200180053711,96.60193299733245,93.91793786080713,96.35129727473847,153198000
2020-07-16,93.9495620727539,94.80853755147119,93.34852206859607,93.98849671008664,110577600
2020-07-17,93.75977325439453,94.55791486444917,93.2852651867788,94.40218371971898,92186800
2020-07-20,95.73565673828125,95.8743600058145,93.50183459957924,93.84737490055309,90318000
2020-07-21,94.41436767578125,96.60439166826072,94.16373189368295,96.52895810260178,103433200
2020-07-22,94.67959594726562,95.36336945972936,94.0274573004929,94.11505468915274,89001600
2020-07-23,90.3701171875,94.4897935351177,89.5573759076989,94.4119242394898,197004400
2020-07-24,90.14622497558594,90.49176525760697,86.76872113795501,88.56211314862233,185438800
2020-07-27,92.28273010253906,92.37519895851747,90.98818839691468,91.21205332883926,121214000
2020-07-28,90.76673889160156,92.02965297999799,90.76186742027873,91.852015075252,103625600
2020-07-29,92.506591796875,92.69152948751328,91.21447855018052,91.25097745595819,90329200
2020-07-30,93.6259536743164,93.73058636306052,91.2680274432724,91.67683010582483,158130000
2020-07-31,103.4275131225586,103.578380221725,98.13738457841312,100.14247783391713,374336800
2020-08-03,106.03363800048828,108.66166323525441,105.01649553295304,105.31579399255398,308151200
2020-08-04,106.74175262451172,107.83676443958547,105.49830201297321,106.22344584387962,173071600
2020-08-05,107.1286392211914,107.44984441915975,105.99469293819868,106.4619011739729,121776800
2020-08-06,110.86627197265625,111.36267931542626,106.87070043201265,107.46200491950506,202428800
2020-08-07,108.34564208984375,110.84433215828633,107.54606156551858,110.38603464323198,198045600
2020-08-10,109.92045593261719,110.94187256781626,107.26087294038835,109.79612844927841,212403600
2020-08-11,106.65143585205078,109.68155371834231,106.39059512633617,109.18181853754392,187902400
2020-08-12,110.1959228515625,110.45432345102633,107.55096573953472,107.74598253329141,165598000
2020-08-13,112.14610290527344,113.15289349736156,111.09055440270924,111.58054387716682,210082000
2020-08-14,112.04615783691406,112.13635327859295,110.23003348739779,111.97058828094455,165565200
2020-08-17,111.75362396240234,113.19677333095444,111.12468856587184,113.17239437524739,119561600
2020-08-18,112.68485260009766,113.11145831572809,111.1685737018232,111.50498397074077,105633600
2020-08-19,112.82622528076172,114.24499562094896,112.73115702960943,113.09437890098116,145538000
2020-08-20,115.32979583740234,115.44437022786464,112.85060421374463,112.86767022580362,126907200
2020-08-21,121.27303314208984,121.7581423853081,116.28052490809851,116.29271066660041,338054800
2020-08-24,122.72349548339844,125.57810257788931,120.85130757212758,125.4927725055599,345937600
2020-08-25,121.71670532226562,122.0628686712799,119.98834358364527,121.59238528346616,211495600
2020-08-26,123.3719482421875,123.83024591014328,121.96780346196795,123.03797806314277,163022400
2020-08-27,121.8970947265625,124.31046260347257,120.74891061178384,123.97649247764066,155552400
2020-08-28,121.69963836669922,123.2939194462389,121.47536238371781,122.8746266915099,187630000
2020-08-31,125.82674407958984,127.73794429666664,122.86245023954196,124.4031081470526,225702700
2020-09-01,130.83876037597656,131.44333179825284,127.27965542096419,129.4541217539587,151948100
2020-09-02,128.12799072265625,134.54414333091748,123.83756147352996,134.16385535146685,200119000
2020-09-03,117.86993408203125,125.6317192300971,117.49939923565937,123.74978578666541,257599600
2020-09-04,117.94795227050781,120.61972095191703,108.12870745933931,117.08011491662583,332607200
2020-09-08,110.01063537597656,116.02699258808728,109.87412215270822,111.11249423218894,231366600
2020-09-09,114.39859008789062,116.17326959342994,112.38988895508609,114.34008654092767,176940500
2020-09-10,110.66394805908203,117.49939194752987,109.69860244063993,117.36287872631232,182274400
2020-09-11,109.21105194091797,112.36062394434131,107.26085458483016,111.71705524591432,180860300
2020-09-14,112.48739624023438,113.0432022491566,109.9911457355189,111.8633336140555,140150100
2020-09-15,112.66290283203125,115.87097839483434,110.78096207450275,115.38342905287787,184642000
2020-09-16,109.33781433105469,113.11144897058965,109.25005901915075,112.36062624645403,154679000
2020-09-17,107.59239196777344,109.40607622888594,106.00298369138476,106.9878355070113,178011000
2020-09-18,104.17955017089844,108.11895013810333,103.4482260852904,107.65090688938564,287104900
2020-09-21,107.3388671875,107.44612864015869,100.53267495607115,101.93681947130294,195713800
2020-09-22,109.02578735351562,110.04964400266275,106.4417816531773,109.87412593250646,183055400
2020-09-23,104.45258331298828,109.31832411053182,104.11129279067556,108.84052779447258,150718700
2020-09-24,105.52517700195312,107.50462606943356,102.38535816136529,102.55112314626282,167743300
2020-09-25,109.48409271240234,109.64011209223098,104.98888662302512,105.72996379838419,149981400
2020-09-28,112.09734344482422,112.44837956504263,109.97162802324053,112.1461013546261,137672400
2020-09-29,111.2490005493164,112.43862208344467,110.74195252856961,111.69755247153874,99382200
2020-09-30,112.92620086669922,114.34009873081921,110.7907393413405,110.95650436835015,142675200
2020-10-01,113.88179016113281,114.78863234602518,112.94569620243965,114.7106226562807,116120400
2020-10-02,110.20565795898438,112.49714598356358,109.42558341904119,110.07889779908955,144712000
2020-10-05,113.59901428222656,113.7452805953654,110.72247569462236,111.07351187039006,106243800
2020-10-06,110.3421630859375,113.22845409992826,109.45481977342668,112.81890702677832,161498200
2020-10-07,112.21436309814453,112.67266068936267,111.2880148454192,111.76581857721544,96849000
2020-10-08,112.10710144042969,113.50149291272723,111.73655916424462,113.35522661630749,83477200
2020-10-09,114.05731201171875,114.08656378648601,112.0583564226003,112.4093925986349,100506900
2020-10-12,121.30229187011719,122.06286774169322,116.30978334982996,117.07035922140598,240226800
2020-10-13,118.08445739746094,122.26763193691325,116.67056718260892,122.15061740846656,262330500
2020-10-14,118.1722183227539,119.96639642799329,116.6413136031742,117.98694718210373,150712000
2020-10-15,117.70416259765625,118.18195887523946,115.20791231870913,115.7637182773626,112559200
2020-10-16,116.05625915527344,118.52326543752153,115.85148929426413,118.25998458807123,115393800
2020-10-19,113.09195709228516,117.42139051387834,112.7799257876711,116.97284597845898,120639300
2020-10-20,114.58384704589844,116.01724328424638,112.7506567810562,113.306462726598,124423700
2020-10-21,113.95977783203125,115.75395571300935,113.55023075971056,113.76475364535186,89946000
2020-10-22,112.86770629882812,115.10068384317186,111.73658791748448,114.52537157971886,101988000
2020-10-23,112.17536163330078,113.64776283593191,111.43428449669388,113.49174346426179,82572600
2020-10-26,112.18509674072266,113.64774463857086,110.06912712788251,111.17099330548513,111850700
2020-10-27,113.69649505615234,114.35956240046933,111.68779432457966,112.61413501705532,92276800
2020-10-28,108.43098449707031,112.55565572913613,108.33347610413212,112.1851208602056,143937800
2020-10-29,112.4483871459961,114.01829672297495,109.40607637880336,109.57184881965813,146129200
2020-10-30,106.14926147460938,109.20131819888869,105.0376493800456,108.2944759702273,190272600
2020-11-02,106.06149291992188,107.92393519387548,104.64760263945637,106.39303037953306,122866900
2020-11-03,107.68989562988281,108.71374473298427,106.02247785676427,106.92931988488967,107624400
2020-11-04,112.08761596679688,112.71167866980154,109.55236030591362,111.29778823567845,138235500
2020-11-05,116.06600189208984,116.64131401748298,113.95979248109225,115.01289346688455,126387100
2020-11-06,115.93414306640625,116.43229602708031,113.43357855709559,115.57273140177695,114457900
2020-11-09,113.61917877197266,119.15752589443073,113.35545115043828,117.7021241226147,154515300
2020-11-10,113.27729034423828,114.85967074705178,111.48000948330214,112.86704412515682,138023400
2020-11-11,116.71556091308594,116.85230965844065,113.73638330100388,114.46896905922455,112295000
2020-11-12,116.44207763671875,117.7314284304911,115.81693830957146,116.84256147717956,103162300
2020-11-13,116.49089813232422,116.89137444647928,115.13317320860197,116.66671900133667,81581900
2020-11-16,117.50676727294922,118.18074115273141,115.40668645392178,116.15880460888832,91183000
2020-11-17,116.61788177490234,117.86816024947451,116.19786565120255,116.77417031034764,74271000
2020-11-18,115.28947448730469,117.03791358767974,115.26017224604259,115.85600932586726,76322100
2020-11-19,115.88530731201172,116.29555357911475,114.09779613817214,114.85968419200586,74113000
2020-11-20,114.615478515625,116.0122756382638,114.56664393716416,115.88529679156849,73604300
2020-11-23,111.2065200805664,114.88898878015578,111.1088434668693,114.45920273719096,127959300
2020-11-24,112.49588012695312,113.16009158856252,109.97578304153085,111.26514127781546,113874200
2020-11-25,113.33589935302734,114.03918287230827,112.49586708858041,112.86704864167184,76499200
2020-11-27,113.88289642333984,114.76200083857178,113.52149221259015,113.86336408177817,46691300
2020-11-30,116.28579711914062,118.16121511006692,114.09780201081131,114.25409056951283,169410200
2020-12-01,119.87055969238281,120.60314540681418,117.2234842051738,118.20026515774896,127728200
2020-12-02,120.22220611572266,120.5054734972761,118.08305336151587,119.1868131981227,89004200
2020-12-03,120.08545684814453,120.90594929961036,119.37240344911088,120.65198415652675,78967600
2020-12-04,119.4114761352539,120.00731313587139,118.69842273292154,119.7533479916129,78260400
2020-12-07,120.87664794921875,121.67760806582265,119.41147645892518,119.4700809338177,86712000
2020-12-08,121.49201965332031,122.07809422262514,120.23197125291128,121.48225720881356,82225500
2020-12-09,118.952392578125,123.02556768253118,118.19050456748764,121.63854040920427,115089200
2020-12-10,120.37849426269531,120.99387109234236,117.36024440160968,117.7021162779425,81312200
2020-12-11,119.56777954101562,119.90965143989179,117.75096607584693,119.58731188427349,86939800
2020-12-14,118.952392578125,120.48593849632398,118.71796721767839,119.75335272421145,79184500
2020-12-15,124.91078186035156,124.9303216583443,121.24785222290353,121.45297538833069,157243700
2020-12-16,124.84237670898438,125.389371682003,123.62140046403383,124.45167027239827,98208600
2020-12-17,125.71172332763672,126.57129545645023,125.06704423102657,125.90707656477707,94359800
2020-12-18,123.71906280517578,126.1024104016154,123.19160026568933,125.9656616823685,192541500
2020-12-21,125.25263214111328,125.33077641507083,120.58361982974765,122.11716580798591,121251600
2020-12-22,128.81787109375,131.2891256020313,126.63963893467688,128.5541360749688,168904800
2020-12-23,127.91924285888672,129.35509717792385,127.7434145333038,129.09137704629174,88223700
2020-12-24,128.90579223632812,130.36120131987872,128.0559975194573,128.27089053594116,54930100
2020-12-28,133.5161895751953,134.15109122678413,130.41001842398242,130.87888400818076,124486200
2020-12-29,131.73846435546875,135.5674445419394,131.22077155630924,134.8446360549227,121047300
2020-12-30,130.6151580810547,132.83245515094322,130.3025810031429,132.43197135905453,96452100
2020-12-31,129.60910034179688,131.61150479087055,128.66162138156932,130.96682561915932,99116600
2021-01-04,126.4052505493164,130.50772834489013,123.81677904513954,130.4198216196165,143301900
2021-01-05,127.96806335449219,128.6811241595061,125.44796678465465,125.8972925672046,97664900
2021-01-06,123.66047668457031,128.00715673158123,123.44558366599814,124.75447411900687,155088000
2021-01-07,127.88018035888672,128.57370150076903,124.89123256509167,125.37962311713653,109578200
2021-01-08,128.98394775390625,129.5504825827211,127.20619899060827,129.3551144383391,105158200
2021-01-11,125.98522186279297,127.14759375428018,125.51637110895247,126.1903524513776,100384500
2021-01-12,125.80939483642578,126.67872932371974,123.91443732593233,125.51635755772662,91951100
2021-01-13,127.8508529663086,128.39784789227025,125.50658473947469,125.77030485446012,88636800
2021-01-14,125.91683197021484,127.95830051587039,125.77030588952316,127.7629473127755,90221800
2021-01-15,124.18792724609375,127.1964143087734,124.05117851163078,125.7898473803004,111598500
2021-01-19,124.86192321777344,125.72149530988855,123.9925886807919,124.81308118444944,90757300
2021-01-20,128.96438598632812,129.41371177555757,125.56519249707169,125.67263899637693,104319500
2021-01-21,133.69198608398438,136.42697536129248,130.48814618626398,130.6932767164714,120150900
2021-01-22,135.8409423828125,136.60283037919487,131.88497630652225,133.1157150150256,114459400
2021-01-25,139.6015625,141.72117584234562,133.3696938895246,139.74808861764467,157611700
2021-01-26,139.8359832763672,140.94951311366867,138.08753679306704,140.26576933716714,98390600
2021-01-27,138.76153564453125,140.949530910091,137.1498526175353,140.09972112639457,140843800
2021-01-28,133.90692138671875,138.69315786113063,133.5259773426194,136.28050728033566,142621100
2021-01-29,128.89601135253906,133.56502276186197,127.18664481426623,132.67614858488167,177523800
2021-02-01,131.02540588378906,132.2366197184336,127.88993224067084,130.6444618808397,106239800
2021-02-02,131.85568237304688,133.14502563870852,131.48450079597174,132.57849082798725,83305400
2021-02-03,130.83006286621094,132.61757406703313,130.5077233148007,132.60779671715912,89880900
2021-02-04,134.19993591308594,134.20969835709803,131.46494623573207,133.13524824047326,84183100
2021-02-05,133.78419494628906,134.42983740127244,132.9037842725981,134.3613683130723,75693800
2021-02-08,133.93093872070312,133.979853741386,131.98423434096625,133.07008212234413,71297200
2021-02-09,133.05050659179688,134.8798267734332,132.8939994307771,133.64723399056535,76774200
2021-02-10,132.44403076171875,134.0092221240666,131.47556692700425,133.51030972734804,73046600
2021-02-11,132.1896514892578,133.42222921972905,130.85924373219854,132.94288597227373,64280000
2021-02-12,132.4244384765625,132.58096057062542,130.78100126920737,131.4266437121405,60145100
2021-02-16,130.29188537597656,133.05051647602303,129.90058012743768,132.54184204307595,80576300
2021-02-17,127.99298858642578,129.34296530729705,126.65280382407832,128.39407078998406,97918500
2021-02-18,126.88762664794922,127.17130992538829,124.63766971776128,126.38871426357021,96856700
2021-02-19,127.04411315917969,127.86584668005416,125.99740338670905,127.40607236333011,87668800
2021-02-22,123.25830841064453,126.89736442452865,122.86701070079127,125.22456652832139,103916400
2021-02-23,123.1213607788086,123.95286378441952,115.8139024055986,121.06705704042179,158273000
2021-02-24,122.62246704101562,122.82789668702961,119.57036091351185,122.22139224547901,111039900
2021-02-25,118.35733032226562,123.70830769868415,117.91712502936959,121.96704059219421,148199500
2021-02-26,118.62146759033203,122.13334806816741,118.56276807411227,119.92252202962122,164560400
2021-03-01,125.00938415527344,125.14633726081128,120.11818049068046,121.05729069867618,116307900
2021-03-02,122.3974838256836,125.91914898981547,122.28987674743256,125.61589674931776,102260900
2021-03-03,119.40404510498047,122.97462478338886,119.18883097909638,122.09420675176463,112966300
2021-03-04,117.51605224609375,120.91054865889173,116.03891416723145,119.10080486208311,178155000
2021-03-05,118.77798461914062,119.28667396527544,115.01175939727409,118.3475637840084,153766600
2021-03-08,113.82807922363281,118.36711510668628,113.68134163784862,118.29863856177148,154376600
2021-03-09,118.45516204833984,119.4040567156157,116.20521293027855,116.43998860707968,129525800
2021-03-10,117.36931610107422,119.51165804272296,116.85084228896541,119.04210671169741,111943300
2021-03-11,119.30622100830078,120.52902174116306,118.62145558325126,119.87360233956089,103026500
2021-03-12,118.39644622802734,118.533399300618,116.56714127411672,117.7801574013694,88105100
2021-03-15,121.29205322265625,121.30183771867131,117.79973448364598,118.76819807777808,92403800
2021-03-16,122.8376693725586,124.45176782276737,122.00616637196116,122.96483796118252,115227900
2021-03-17,122.04530334472656,123.12136654730853,119.67795534298575,121.35075339157471,111932600
2021-03-18,117.90734100341797,120.4996801450081,117.7019113683554,120.20620497298519,121229700
2021-03-19,117.37908935546875,118.78775822996795,117.0758371529688,117.29105128250436,185549500
2021-03-22,120.70510864257812,121.17466742071305,117.64321821066616,117.71169475504172,111912300
2021-03-23,119.87362670898438,121.53663305840064,119.48232890224382,120.64643782486614,95467100
2021-03-24,117.4769058227539,120.22576688443581,117.45734429535013,120.14750584805427,88530500
2021-03-25,117.96604919433594,119.01277396820035,116.41064997457923,116.93890087847339,98844700
2021-03-26,118.57254791259766,118.83667706674994,116.33237593563868,117.731260359211,94071200
2021-03-29,118.7486343383789,119.91274312400247,118.10299937711603,119.00297900233532,80819200
2021-03-30,117.29105377197266,117.78017409006814,116.27368261472802,117.49648340996671,85671900
2021-03-31,119.49209594726562,120.83228085062457,118.51385530498492,119.00297562612528,118323800
2021-04-01,120.32359313964844,121.47791733984869,119.82468834663912,120.96923551452913,75089100
2021-04-05,123.1604995727539,123.41484423200751,120.39207673653289,121.17467224344372,88651200
2021-04-06,123.4637451171875,124.36372467715026,122.91593276997253,123.7474357865334,80171300
2021-04-07,125.11698150634766,125.13654303559613,122.417035203639,123.09202364516216,83466700
2021-04-08,127.52346801757812,127.5528140466846,125.72350857412272,126.14414494249527,88844600
2021-04-09,130.1060333251953,130.14515639149892,126.65284431153292,126.97566558392823,106686700
2021-04-12,128.38430786132812,129.9592758997672,127.78758046970171,129.6364546951069,91420000
2021-04-13,131.50491333007812,131.72991947803646,129.0593111487397,129.5582235468663,91266500
2021-04-14,129.1571044921875,132.06248025187,128.79516024880334,132.0037882044852,87222800
2021-04-15,131.57339477539062,132.06251520206493,130.73210704443997,130.90819815996355,89347100
2021-04-16,131.2407684326172,131.73966578761528,130.37991188899602,131.37772152575985,84922400
2021-04-19,131.90597534179688,132.5222717730815,130.4386142591335,130.60491339062307,94264200
2021-04-20,130.21365356445312,132.58099487429268,128.9419373429962,132.08209736299824,94812300
2021-04-21,130.59512329101562,130.8396834469913,128.44299690378307,129.4799295768372,68847100
2021-04-22,129.06906127929688,131.23096454793503,128.55059497902982,130.14511693427332,84566500
2021-04-23,131.39730834960938,132.17988902990155,129.28430468857326,129.28430468857326,78657500
2021-04-26,131.78857421875,132.12117243879302,130.65381154555584,131.89618128132474,66905100
2021-04-27,131.4657440185547,132.46355353704712,131.19183786473573,132.07224836961583,66015800
2021-04-28,130.6733856201172,132.0820545207044,130.18426530334483,131.38749710310995,107760100
2021-04-29,130.5755615234375,134.08745690189525,129.567974819212,133.50050652437227,151101000
2021-04-30,128.5995330810547,130.65382966034915,128.21801979298792,128.91256235309382,109839500
2021-05-03,129.656005859375,131.1527277481315,128.96146337467013,129.16688554691402,75135100
2021-05-04,125.06806182861328,128.6288645532719,123.94308362244821,128.33538938179106,137564700
2021-05-05,125.3126220703125,127.61147843692302,125.18544602057825,126.38867773337496,84000900
2021-05-06,126.91693115234375,126.92670818396309,124.36371532032841,125.10718020945761,78128300
2021-05-07,127.59307098388672,128.62195632366613,126.87773161828585,128.22020778860636,78973300
2021-05-10,124.30059051513672,126.9365223057384,124.26139353065895,126.80914518929129,88071200
2021-05-11,123.37948608398438,123.73224398798311,120.3025863854562,121.01791826059262,126142800
2021-05-12,120.3025894165039,122.13500921597532,119.79304356361403,120.91993258519142,112172300
2021-05-13,122.4583740234375,123.61465887026078,121.76264438757792,122.07621277945914,105861300
2021-05-14,124.88854217529297,125.31970156938155,123.32070002778138,123.71266243367454,81918000
2021-05-17,123.73224639892578,124.37898543365588,122.65435548376935,124.27119559453419,74244600
2021-05-18,122.34078979492188,124.43777993260704,122.27219693905593,124.01642168198467,63342900
2021-05-19,122.18402099609375,122.40939434000599,120.39079798085203,120.68477166324163,92612000
2021-05-20,124.75137329101562,125.15313686719469,122.58578986436477,122.71318196220793,76857100
2021-05-21,122.90914154052734,125.42749006545537,122.69356184580758,125.25110735850839,79295400
2021-05-24,124.54557800292969,125.36869980376578,123.40889524832689,123.4774881087248,63092900
2021-05-25,124.34960174560547,125.74106867528869,123.78125662475325,125.25111005560896,72009500
2021-05-26,124.30059051513672,124.82973859149602,123.87923227707617,124.40838035343548,56575900
2021-05-27,122.76215362548828,125.07472355131192,122.56617616440937,123.89884383271658,94625600
2021-05-28,122.10562896728516,123.27171512304146,122.04683722029289,123.0463342994687,71311100
2021-06-01,121.7822494506836,122.83074455067667,121.44908627688243,122.56617423477933,67637100
2021-06-02,122.54656219482422,122.72294488332521,121.55686639229224,121.78223970334003,59278900
2021-06-03,121.05712127685547,122.34079079399837,120.65535777774502,122.17420921068651,76229200
2021-06-04,123.35989379882812,123.62447159323195,121.36089230936066,121.57647200078277,75169300
2021-06-07,123.36969757080078,123.78125473088885,122.32120243854156,123.63426789483995,71057600
2021-06-08,124.19281768798828,125.87825834715188,123.67347065562662,124.05563196155543,74403800
2021-06-09,124.57496643066406,125.18250849792624,123.97722547889047,124.65336040245155,56877900
2021-06-10,123.57546997070312,125.61366838929395,123.40888838700712,124.4671771062987,71186400
2021-06-11,124.79056549072266,124.8787605916924,123.56568752658902,123.98704584529345,53522400
2021-06-14,127.85765838623047,127.91645013670467,124.5161951571875,125.25112194236237,96906500
2021-06-15,127.0345687866211,127.97528183431119,126.7895931437163,127.32854254853216,62746300
2021-06-16,127.53428649902344,128.25941963004072,125.87826406617567,127.74986621494416,91815000
2021-06-17,129.14132690429688,129.88606227566868,127.04433642829339,127.19133075522794,96721700
2021-06-18,127.83805084228516,128.86693621675641,127.62247115663257,128.0830263985157,108953300
2021-06-21,129.6410675048828,129.74885734783985,126.61317321470958,127.68126305266121,79663300
2021-06-22,131.2873077392578,131.38530395142936,128.9747376819625,129.47449743106563,74783600
2021-06-23,131.01295471191406,131.62050439899582,130.55239936376128,131.08155506050588,60214200
2021-06-24,130.72877502441406,131.9340507183845,130.25841113476253,131.74786688107946,68711000
2021-06-25,130.43482971191406,131.19915250874814,130.1408559549487,130.77780158706136,70783700
2021-06-28,132.0712127685547,132.5317679828533,130.669959847861,130.72875158549564,62111300
2021-06-29,133.590087890625,133.74687585363333,131.64988544279703,132.09083850565023,64556100
2021-06-30,134.20741271972656,134.64836572202546,133.1393079515186,133.4332816037582,63261400
2021-07-01,134.51119995117188,134.56999169991087,133.0315378313321,133.85466717004775,52485800
2021-07-02,137.14710998535156,137.18629949198788,134.9815196787238,135.12849901876004,78852600
2021-07-06,139.16574096679688,140.2730204949,137.25493430561346,137.25493430561346,108181800
2021-07-07,141.66448974609375,141.97805072261244,139.79287267133577,140.65517657085456,104911600
2021-07-08,140.36119079589844,141.1647027920802,137.84283506741627,138.73454962161878,105575500
2021-07-09,142.193603515625,142.72274410487802,139.78303761495576,139.88103381213466,99890800
2021-07-12,141.5958709716797,143.3793001913862,141.10591986105104,143.27151034896303,76299700
2021-07-13,142.7129669189453,144.4963962387887,140.74336872639185,141.13532365605394,100827100
2021-07-14,146.15243530273438,146.56400746388263,144.71197759508698,145.12354975623524,127050800
2021-07-15,145.49591064453125,146.98536654545342,144.1338468459617,146.24064607105467,106820300
2021-07-16,143.4478759765625,146.7501414566327,142.9481312599128,145.47628061590362,93251400
2021-07-19,139.58709716796875,141.17454926069658,138.8227744741875,140.86097330831228,121434600
2021-07-20,143.2126922607422,144.1436112585622,140.0868169834333,140.57676805507745,96350000
2021-07-21,142.477783203125,143.19312262136464,141.72326922538142,142.60517528212256,74993500
2021-07-22,143.84963989257812,145.2214969339576,142.8795313726681,143.00692343798204,77338200
2021-07-23,145.5742950439453,145.73108301310796,143.9672557403373,144.58459902383794,71447400
2021-07-26,145.99563598632812,146.8187502561115,144.731553759334,145.29010519733632,72434100
2021-07-27,143.82029724121094,146.21126178557984,142.6248149690265,146.1230591950451,104818600
2021-07-28,142.0662078857422,144.01621852456796,139.67524427491423,141.89962631641336,118931200
2021-07-29,142.7129669189453,143.604681578867,141.6742728984309,141.7820627469063,56699500
2021-07-30,142.9285430908203,143.38909834548167,141.21371414962817,141.4782919442919,70440600
2021-08-02,142.5953826904297,143.99663576121543,142.3308048906137,143.41849700972153,62880000
2021-08-03,144.39840698242188,145.06473338535233,142.26221214218597,142.87955539064197,64786600
2021-08-04,143.99664306640625,144.81975742745607,143.34011030565534,144.31021898611445,56368300
2021-08-05,144.1044464111328,144.86876909682545,143.23233386196435,144.02605242386636,46397700
2021-08-06,143.41746520996094,144.36939566640558,142.91697171230874,143.62355957636092,54126800
2021-08-09,143.368408203125,143.96704478811583,142.8090348226229,143.47635955368153,48908700
2021-08-10,142.88751220703125,144.95820400187984,142.59309814162447,143.71185961055318,69023100
2021-08-11,143.1427001953125,143.9866794152509,142.81884613683928,143.32916298423876,48493500
2021-08-12,146.1162567138672,146.27327959158745,143.12307362087492,143.4665592940723,72282600
2021-08-13,146.3223419189453,146.6560042822418,145.5078026382922,146.19475896699817,59375000
2021-08-16,148.3046875,148.37339061458732,143.7413212084629,145.77275011469712,103296000
2021-08-17,147.3920440673828,148.8542765909534,146.31253048160323,147.43129230026292,92229700
2021-08-18,143.6333770751953,147.91215275914686,143.4272826956147,147.00929375834372,86326000
2021-08-19,143.967041015625,145.24282558662867,141.80802903559353,142.3281541725026,86960300
2021-08-20,145.42929077148438,145.7335132179683,144.04555482987226,144.6932629269492,60549600
2021-08-23,146.92098999023438,147.39204365611192,145.13488842138761,145.54706225084624,60131800
2021-08-24,146.83262634277344,148.0495309623608,146.37138108229806,146.6657951809347,48606400
2021-08-25,145.59609985351562,147.519592250737,145.04653487560168,147.0190838087262,58991300
2021-08-26,144.7913818359375,146.34194886069025,144.76194192197897,145.58630443638947,48597200
2021-08-27,145.8316650390625,145.97886462702738,144.0946350284485,144.73251987566385,55802400
2021-08-30,150.26742553710938,150.63054275493232,145.841450580605,146.22418442407636,90956700
2021-08-31,149.00146484375,149.9533952991406,148.47151645903594,149.8160040465339,86453100
2021-09-01,149.66879272460938,152.09277878484346,149.50196155532296,149.98283843704763,80313700
2021-09-02,150.7875518798828,151.8376253671697,149.560838913159,151.00345455998809,71115500
2021-09-03,151.42547607421875,151.74933014670412,150.23801114177232,150.89552760123323,57808700
2021-09-07,153.77093505859375,154.33030841689003,151.5137800748948,152.08297672118582,82278300
2021-09-08,152.22036743164062,154.11440516674327,151.11141405800635,154.05552533708556,74420200
2021-09-09,151.1997528076172,153.20174194196827,151.0819781706379,152.59329705325342,57305700
2021-09-10,146.1947784423828,152.58349561221084,145.92980418939584,152.1124419204216,140893200
2021-09-13,146.7639617919922,148.5991198416723,145.97886239429423,147.82384373270557,102404300
2021-09-14,145.36056518554688,148.25561957289722,144.17311549895538,147.5490317533872,109296300
2021-09-15,146.25363159179688,146.65599705539884,143.64318269682568,145.79238629928224,83281300
2021-09-16,146.01809692382812,146.19475138463315,144.4773531646783,145.67462626455162,68034100
2021-09-17,143.3389892578125,146.04758173185846,143.0445750791735,146.04758173185846,129868800
2021-09-20,140.27711486816406,142.14171300384132,138.63822777586256,141.12109417657655,123478900
2021-09-21,140.7579345703125,141.9061509958665,140.12004986680236,141.24861971901947,75834000
2021-09-22,143.13284301757812,143.70202452958628,141.02288820078027,141.75891581662412,76404300
2021-09-23,144.09463500976562,144.33997763935906,142.9268016969767,143.91798052970498,64838200
2021-09-24,144.18292236328125,144.7226790220036,142.8482581592234,142.94640117881744,53477900
2021-09-27,142.6617889404297,143.24080877055397,141.1406770273248,142.75993195557527,74150700
2021-09-28,139.2662811279297,142.05336955149633,139.05037843565805,140.58131390847566,108972300
2021-09-29,140.16912841796875,141.75894358779652,139.3840291456937,139.81583449417113,74602000
2021-09-30,138.86390686035156,141.6902583077313,138.64800418175875,140.98367044588636,89056700
2021-10-01,139.99249267578125,140.25746689766834,136.51844777297612,139.2564648173922,94639600
2021-10-04,136.54786682128906,139.56068091563057,135.69407942788672,139.11905228846942,98322000
2021-10-05,138.48117065429688,139.59012394137855,136.76377254220841,136.89135547952526,80861100
2021-10-06,139.35459899902344,139.50179857153668,135.79221959896122,136.87173304580557,83221100
2021-10-07,140.62057495117188,141.53325731976742,140.06120154260262,140.3948639248738,61732700
2021-10-08,140.23782348632812,141.49397639424066,139.90416114584096,141.34677682476803,58773200
2021-10-11,140.14952087402344,142.11226190434272,139.16815035886378,139.61958738462852,64452200
2021-10-12,138.8737030029297,140.58129268183015,138.41245777313225,140.56166108335393,73035900
2021-10-13,138.28492736816406,138.76578935248517,136.6067771440449,138.60878144560903,78762700
2021-10-14,141.08184814453125,141.19962281263258,138.87376404287178,139.46259245979246,69907100
2021-10-15,142.14170837402344,142.20058821172304,140.83648373175217,141.0916496611523,67940300
2021-10-18,143.81985473632812,144.10444560236448,140.49300922542568,140.77760009146203,85589200
2021-10-19,145.9886474609375,146.39101289718135,143.81982737932438,144.2712493533105,76378900
2021-10-20,146.47933959960938,146.96021648343887,145.36057794956784,145.92977457496073,58418800
2021-10-21,146.6952362060547,146.852259056455,145.1152293383939,146.0377198663419,61421000
2021-10-22,145.9199676513672,147.38219996847627,145.87089613630118,146.90133805459163,58883400
2021-10-25,145.87088012695312,146.5872762498157,144.86987823265756,145.91012834998406,50720600
2021-10-26,146.53826904296875,148.02994161263436,146.23403157034545,146.54807735839762,60893400
2021-10-27,146.0769805908203,146.94057630434148,145.72368667066797,146.57747407165155,56094900
2021-10-28,149.7277069091797,150.316520234439,146.93079494698944,147.0289379884622,100077900
2021-10-29,147.00929260253906,147.14668386300448,143.68244746206824,144.47735511008415,124953200
2021-11-01,146.18495178222656,146.9111563462423,145.0465584432789,146.214391698361,74588300
2021-11-02,147.22520446777344,148.7463317156188,145.8807167195942,145.89054000814804,69122000
2021-11-03,148.66781616210938,149.13886978936398,147.02892929321277,147.5883026678542,54511500
2021-11-04,148.14767456054688,149.59027519786,147.83362886091194,148.7561193854356,60394600
2021-11-05,148.67837524414062,149.58255183119843,147.47935487956067,149.2778854264306,65463900
2021-11-08,147.85284423828125,148.96341611554539,147.5776606751966,148.80616408053146,55020900
2021-11-09,148.21644592285156,148.82577868756664,147.47934403145373,147.61693578465963,56787900
2021-11-10,145.37619018554688,147.5481909989835,145.30740178680878,147.44008208978292,65187100
2021-11-11,145.3270263671875,146.86019613669237,145.14029146001317,146.39829267733833,41000000
2021-11-12,147.4105987548828,147.81353650941713,144.94375410603553,145.8774137755265,63804000
2021-11-15,147.42042541503906,149.26809954574952,146.86022060019894,147.7840576655542,59222800
2021-11-16,148.40321350097656,148.88479224149762,146.77175735607312,147.36144499767522,59256200
2021-11-17,150.8503875732422,152.33441420975052,148.39338089243975,148.40320352046666,88807000
2021-11-18,155.15504455566406,155.94128964959728,150.41794373346818,151.0665970606914,137827700
2021-11-19,157.78900146484375,158.25092000668332,153.8381297863703,154.93886418579316,117305600
2021-11-22,158.25088500976562,162.85039415850727,158.23122475801478,158.89952335376228,117467900
2021-11-23,158.63417053222656,159.01746294460062,156.32457843434605,158.34914938157195,96041900
2021-11-24,159.1551055908203,159.35166317347716,156.89465589931083,157.98556772889597,69463600
2021-11-26,154.11326599121094,157.69066668554564,153.67100784147934,156.82581063613492,76959800
2021-11-29,157.48428344726562,158.41794285529275,156.05920777586067,156.62923504514734,88748200
2021-11-30,162.457275390625,162.6734931658107,157.1697925187928,157.23859590016,174048100
2021-12-01,161.9364013671875,167.3712989739356,161.7005233258962,164.59978822518326,152052500
2021-12-02,160.94378662109375,161.3762222672704,155.08629013119497,156.01012719413941,136739200
2021-12-03,159.05677795410156,162.12313243269475,156.97324112607134,161.19929553834072,118023100
2021-12-06,162.47695922851562,164.99293189077792,161.4548359617341,161.46465859062198,107497000
2021-12-07,168.2361602783203,168.62929035916358,165.44500418803963,166.17228359031526,120405400
2021-12-08,172.06912231445312,172.93399360891482,167.76444109423116,169.16985694773143,116998900
2021-12-09,171.5580291748047,173.71036939014843,170.9290360750293,171.9020161028415,108923700
2021-12-10,176.36395263671875,176.54086493199145,171.68581688842568,172.19687852363788,115402700
2021-12-13,172.71775817871094,178.99786706027314,172.51136300579722,178.00522669948663,153237000
2021-12-14,171.33197021484375,174.68333050700522,169.2484336092193,172.23614676061243,139380400
2021-12-15,176.21653747558594,176.41309502787303,169.34674079975917,172.0985915209184,131063300
2021-12-16,169.2975616455078,178.02485307706942,167.8135351956214,176.19683973657683,150185800
2021-12-17,168.19686889648438,170.48680119696434,166.77180785012712,167.0076709220657,195432700
2021-12-20,166.8307647705078,167.64649284258897,164.5801530989622,165.38604354598067,107499100
2021-12-21,170.0150604248047,170.22144061319776,166.21160342137523,168.60964463381248,91185900
2021-12-22,172.61949157714844,172.83570940336168,169.18950423983955,170.06419817447264,92135300
2021-12-23,173.24844360351562,173.80864829178057,172.25581836202977,172.82584567773912,68356600
2021-12-27,177.2288360595703,177.31728471510198,174.02490423380337,174.0445494930008,74919600
2021-12-28,176.2066650390625,178.21159066688713,175.45974048938143,177.06171346697758,79144300
2021-12-29,176.29515075683594,177.5236541153346,175.07647002650884,176.2460076232202,62348900
2021-12-30,175.1354217529297,177.46467413151436,175.0273128661905,176.3835852641225,59773000
2021-12-31,174.51626586914062,176.14770679713808,174.21158446445702,175.02731242664456,64062300
2022-01-03,178.8799285888672,179.73497720500467,174.653888631977,174.77182016673515,104487900
2022-01-04,176.609619140625,179.7939048717263,176.0395918494563,179.48923847391032,99310400
2022-01-05,171.9118194580078,177.0715328218442,171.63663594498001,176.5211657957886,94537600
2022-01-06,169.04205322265625,172.28530491748282,168.68824367419558,169.73001206789144,96904000
2022-01-07,169.2091064453125,171.14522859084596,168.08871218311748,169.91672545263316,86709100
2022-01-10,169.22879028320312,169.53345670452697,165.27791944101605,166.1722734494287,106765600
2022-01-11,172.06912231445312,172.16739360021757,167.88238763208216,169.35659188597938,76138300
2022-01-12,172.51138305664062,174.13300176054906,171.813601431131,173.09123313899516,74805200
2022-01-13,169.22879028320312,173.5825988136433,168.83566022635117,172.7570481888216,84505800
2022-01-14,170.09365844726562,170.7914399169012,168.1476984416165,168.3933990992247,80440800
2022-01-18,166.87991333007812,169.57278332194957,166.49662084966823,168.56049766865218,90956700
2022-01-19,163.37132263183594,168.13792271767446,163.08631638791155,167.076493781146,94815000
2022-01-20,161.6808624267578,166.76195044943782,161.3565357449214,164.10838623013277,91420500
2022-01-21,159.61700439453125,163.4695895238368,159.50889548799853,161.59243259966877,122848900
2022-01-24,158.84054565429688,159.5088591961831,152.03955370843636,157.26807054913448,162294600
2022-01-25,157.0322265625,159.9609746399648,154.3196962957588,156.24598134135783,115798400
2022-01-26,156.94374084472656,161.56290980795944,155.10590488401596,160.6882161425736,108275300
2022-01-27,156.4818572998047,161.02240127110773,155.55802030212934,159.65630602886313,121954600
2022-01-28,167.40077209472656,167.42043234611594,160.00026956448573,162.86022878833853,179935700
2022-01-31,171.7742462158203,171.9904639988434,166.59487204384064,167.23370276509192,115541600
2022-02-01,171.60716247558594,171.83320287445497,169.34671349776292,171.01747491741384,86213900
2022-02-02,172.81600952148438,172.8553300243515,170.34918033798783,171.7447582622127,84914300
2022-02-03,169.92657470703125,173.20914700397037,169.1599898283705,171.47940471663034,89418100
2022-02-04,169.64120483398438,171.32394513354754,167.9584645344212,168.94251932550307,82465400
2022-02-07,168.9228515625,171.1763304609041,168.22416604358875,170.1037143263292,77251200
2022-02-08,172.0423126220703,172.55402535255456,168.6965170956554,168.99173655614575,74829200
2022-02-09,173.46917724609375,173.83327271357754,172.11117683042102,173.24284884864312,71285000
2022-02-10,169.3755340576172,172.6819593071923,168.814630541294,171.3633292711471,90865900
2022-02-11,165.9510040283203,170.32020982591467,165.36056513089437,169.5821687118747,98670700
2022-02-14,166.1871795654297,166.87601492289843,163.90416522012222,164.70124720629926,86185500
2022-02-15,170.0348358154297,170.192288199675,167.53534303134987,168.24386374496802,62527400
2022-02-16,169.79869079589844,170.57608762783394,167.3385533314997,169.10985530896428,61177400
2022-02-17,166.1871795654297,169.1688644106395,165.78371349338204,168.30289138097328,69589300
2022-02-18,164.63238525390625,167.82071347120757,163.54008373100112,167.11220776829634,82772700
2022-02-22,161.69989013671875,164.03209518170536,159.5644780309518,162.3493548856938,91162800
2022-02-23,157.5177001953125,163.5007417287701,157.20279536961024,162.90046754332764,90009200
2022-02-24,160.14508056640625,160.25332719300383,149.57632680623354,150.14708038143124,141147500
2022-02-25,162.22145080566406,162.48713480856267,158.30490162446958,161.22754578023935,91974200
2022-02-28,162.48712158203125,162.78234102115098,159.84001180321536,160.4599711238184,95056600
2022-03-01,160.5977783203125,163.9435744405098,159.3873948345279,162.07386086924092,83474400
2022-03-02,163.90415954589844,164.69140636238802,160.35172123734418,161.76876250392863,79724800
2022-03-03,163.5794677734375,166.21674313187614,162.9103175427147,165.78375650470798,76678400
2022-03-04,160.56822204589844,162.9102773059474,159.51529120397137,161.86718160657645,83737200
2022-03-07,156.7599639892578,162.38875977204634,156.5041000801844,160.75522487368383,96418800
2022-03-08,154.92959594726562,160.28285666328267,153.3157466151268,156.28759642734667,131148300
2022-03-09,160.35169982910156,160.8043715681801,156.8681530267331,158.90513831388122,91454900
2022-03-10,155.99237060546875,157.83254827067594,153.49286301272676,157.64557545679153,105342000
2022-03-11,152.2628173828125,156.74027038411012,152.03648894987714,156.3958451472846,96970100
2022-03-14,148.2183380126953,151.66253001815127,147.70664029732,149.035105347276,108732100
2022-03-15,152.61705017089844,153.089407270085,147.98216062819657,148.49385829575584,92964300
2022-03-16,157.0453338623047,157.44880001606288,151.99714192232128,154.54584076886425,102300200
2022-03-17,158.05889892578125,158.43284460620507,155.11658427872035,156.0809539111175,75615400
2022-03-18,161.3653106689453,161.85733809568418,157.21259798603037,157.9506391261387,123511700
2022-03-21,162.74301147460938,163.69754597170976,160.41079104635503,160.90281851844856,95811400
2022-03-22,166.12814331054688,166.71856719819857,162.28048532842047,162.87090921607214,81532000
2022-03-23,167.4959716796875,169.88721760148997,164.9767788153055,165.3113688542094,98062700
2022-03-24,171.29444885253906,171.36332488957797,167.49599622256298,168.33243390367338,90131400
2022-03-25,171.93405151367188,172.4851197852727,169.99546240540764,171.10744910627062,80546200
2022-03-28,172.8000030517578,172.92791994610408,169.25740029520023,169.42468778433178,90371900
2022-03-29,176.10646057128906,176.15565130084448,173.52822668291532,173.8726518827145,100589400
2022-03-30,174.93545532226562,176.74611285404396,173.88250930234273,175.70301699368227,92633200
2022-03-31,171.8258056640625,175.19127120838715,171.6191475535364,175.0042983977884,103049300
2022-04-01,171.5305938720703,172.09151232886626,169.1983887454629,171.25505972274473,78751300
2022-04-04,175.59474182128906,175.6439475646401,171.6585226009615,171.78645453057726,76468400
2022-04-05,172.26861572265625,175.45695839959683,171.63882130670936,174.66971162579236,73401800
2022-04-06,169.0901641845703,170.86146610106397,167.4172737694601,169.61171210783138,89058800
2022-04-07,169.39520263671875,170.59575076458447,167.14172361896223,168.4308330803216,77594700
2022-04-08,167.37789916992188,169.04095440141643,166.50209088425444,169.04095440141643,76575500
2022-04-11,163.10708618164062,166.33478478538393,162.8610724769926,166.0198950514866,72246700
2022-04-12,164.98663330078125,167.1613860255376,163.98289318870957,165.34089363354275,79265200
2022-04-13,167.68295288085938,168.31274743098942,164.11084372073287,164.72095296806577,70618900
2022-04-14,162.6544189453125,168.5390777375964,162.4084052337266,167.8994330781819,75329400
2022-04-18,162.43795776367188,163.94356063555975,160.96187533903773,161.3062855621602,69023900
2022-04-19,164.73074340820312,165.14405957734763,161.29640226867195,162.38870353745122,67723800
2022-04-20,164.5634765625,166.1871759578773,163.45150487225482,166.06907917381437,67929800
2022-04-21,163.76638793945312,168.7949082587247,163.2645254279015,166.2166896462883,87227800
2022-04-22,159.21018981933594,165.19324369036354,158.92482058732242,163.80573809266767,84882400
2022-04-25,160.28285217285156,160.5682214607871,155.9333317168137,158.55090609825874,96046400
2022-04-26,154.2998046875,159.7514619922399,154.22107849702726,159.66290065876512,95623200
2022-04-27,154.07345581054688,157.24209821717469,152.9024282829644,153.42397608702464,88063200
2022-04-28,161.03073120117188,161.89670425341123,156.3958263617354,156.71073111363518,130216800
2022-04-29,155.13621520996094,163.5498857766358,154.74259934183465,159.25940674593446,131747600
2022-05-02,155.4413299560547,155.70701398729622,150.82610973572451,154.2112612412753,123055300
2022-05-03,156.93710327148438,158.14750185662243,153.82750056472347,155.6283081855597,88966500
2022-05-04,163.372802734375,163.82545959087432,156.72058183628712,157.12404795896134,108256500
2022-05-05,154.27029418945312,161.46373326041538,152.47930702556806,161.23740483289234,130525300
2022-05-06,154.99952697753906,157.12821179757466,151.94446922447622,153.7479370549887,116124600
2022-05-09,149.855224609375,153.5705662251753,149.29349706523496,152.68360662844097,131577900
2022-05-10,152.26968383789062,154.46736088090017,150.71259117184084,153.26504901265346,115366700
2022-05-11,144.3758544921875,153.1960828683304,143.6958565940324,151.27435948498825,142689800
2022-05-12,140.4929962158203,144.0802186431024,136.78751850070398,140.69995800707954,182602000
2022-05-13,144.97698974609375,145.9526407258744,141.03498745815705,142.4935240941809,113990900
2022-05-16,143.42977905273438,145.3810814533927,142.08949737035988,143.43964368471316,86643800
2022-05-17,147.07614135742188,147.5984555661727,144.55324673702833,146.70164625018603,78336300
2022-05-18,138.77822875976562,145.22339732349553,137.8715547980024,144.72079733304852,109742900
2022-05-19,135.35853576660156,139.6060416476657,134.6194101946053,137.85185149313176,136095600
2022-05-20,135.59503173828125,138.65993938193793,130.68724267872005,137.07328272324338,137426100
2022-05-23,141.0349884033203,141.18280747509044,135.6541486277064,135.792118107207,117726300
2022-05-24,138.32485961914062,139.9115161270146,135.33879411636306,138.76833186496543,104132700
2022-05-25,138.48255920410156,139.73413423560646,136.33415991086508,136.42285136269513,92482700
2022-05-26,141.6952667236328,142.24714462113738,135.15154372635268,135.397918861849,90601500
2022-05-27,147.47032165527344,147.50973506608682,143.15382385017716,143.28194375102797,90978500
2022-05-31,146.68191528320312,148.47553371046925,144.71091395436392,146.9085912630533,103718400
2022-06-01,146.55381774902344,149.53988370849348,145.53873817938137,147.72655096677192,74286600
2022-06-02,149.017578125,149.07670576522273,144.7306437582719,145.6865807086683,72348100
2022-06-03,143.27207946777344,145.82452236693706,142.36542073655667,144.77002952584698,88570300
2022-06-06,144.0210723876953,146.4158469197131,142.79904610031343,144.89816741340283,71598400
2022-06-07,146.55381774902344,146.83960633947197,142.0106588574211,142.25703403584302,67808200
2022-06-08,145.814697265625,147.69699226544608,145.3219468917094,146.42570291726497,53950200
2022-06-09,140.57180786132812,145.80481374848975,140.4634021916062,144.94743302094574,69473000
2022-06-10,135.14170837402344,138.71906549283727,135.07271611079338,138.2460293933542,91437900
2022-06-13,129.96783447265625,133.23968891028474,129.53421176750797,130.94347052169286,122207100
2022-06-14,130.83506774902344,131.94868835400084,129.57362805380447,131.19971323419813,84784300
2022-06-15,133.46633911132812,135.3486488673454,130.24376297463832,132.34286902822936,91533000
2022-06-16,128.17422485351562,130.47044340040713,127.16900988024103,130.16494057459525,108123900
2022-06-17,129.6524658203125,131.15043105016284,127.92783964673345,128.18407944512376,134520300
2022-06-21,133.8999786376953,135.07272690596213,131.3869638200352,131.48550486996535,81000500
2022-06-22,133.3875274658203,135.76257275465719,131.96840403366457,132.8356344352228,73409200
2022-06-23,136.2651824951172,136.58053489148253,133.66346131552876,134.83620952437622,72433800
2022-06-24,139.60601806640625,139.85239321545572,137.74342254109405,137.87152739306867,89116800
2022-06-27,139.60601806640625,141.40948596195392,138.92602024902237,140.63093206993196,70207900
2022-06-28,135.44720458984375,141.34049395514106,135.328949330103,140.06920480029078,67083400
2022-06-29,137.2112579345703,138.63038134531047,134.6883785543866,135.46693252662052,66242400
2022-06-30,134.7376251220703,136.36369487845758,131.83040175040082,135.25993916685138,98964500
2022-07-01,136.91563415527344,137.0240398568335,133.6930570078573,134.067537127978,71051600
2022-07-05,139.50747680664062,139.5567548491927,134.94460374967946,135.77243576693132,73353800
2022-07-06,140.84771728515625,142.03031477378252,139.03440013342643,139.3004894555688,74064300
2022-07-07,144.22804260253906,144.42513974752345,141.20254804373226,141.2123976378396,66253700
2022-07-08,144.90798950195312,145.41060438999426,142.89757506242208,143.15379978350074,64547800
2022-07-11,142.7694549560547,144.51379508007224,141.69526300251138,143.55785837644726,63141600
2022-07-12,143.74513244628906,146.29757564571045,142.946879286725,143.6465763614465,77588800
2022-07-13,143.38047790527344,144.32654999556934,140.05933088479338,140.91672657370842,71185600
2022-07-14,146.3172607421875,146.7902967726585,141.17294691848926,141.99091413969506,78140700
2022-07-15,147.99261474609375,148.67261252680902,146.05117747327142,147.60827013580402,76259900
2022-07-18,144.93760681152344,149.37236031781808,144.57296129769512,148.5543928665957,81420900
2022-07-19,148.81060791015625,149.0372688640094,144.77991359630315,145.77526390456921,82982400
2022-07-20,150.82101440429688,151.49116267268522,148.18972944635095,148.9288549414216,64823400
2022-07-21,153.09751892089844,153.3143302483906,149.73695838231532,152.25983742490192,65086600
2022-07-22,151.85577392578125,154.01402250481192,151.18564077957626,153.13692762960554,66675400
2022-07-25,150.73233032226562,152.7920231935369,150.07204665223094,151.7769586670234,53623900
2022-07-26,149.4019317626953,150.8703183745743,148.61352809160934,150.05235088160816,55138700
2022-07-27,154.51666259765625,155.04884144648923,149.9538041551516,150.3677126833835,78620700
2022-07-28,155.06854248046875,155.3543310693815,152.17116799178928,154.70389699283152,81378700
2022-07-29,160.15371704101562,161.257488076031,157.1873652790473,158.90214195015406,101786900
2022-08-01,159.168212890625,161.2180561543135,158.55720726769144,158.6754625398599,67829400
2022-08-02,157.68994140625,160.05515180598763,157.31546141372255,157.77864788642987,59907000
2022-08-03,163.7212371826172,164.17455908657996,158.41923856963987,158.50793002421338,82507500
2022-08-04,163.40586853027344,164.76586430720064,162.04587275334626,163.60296566260632,55474100
2022-08-05,163.17889404296875,163.6723288419394,160.85974446443265,161.06699370571175,56697000
2022-08-08,162.7052001953125,165.60659947941937,162.04399931317954,164.18550472324978,60276900
2022-08-09,162.75453186035156,163.6427235312398,161.10646144310655,161.86635524789833,63135500
2022-08-10,167.01780700683594,167.11648492615134,164.70852083002953,165.47827786948693,70170500
2022-08-11,166.2776641845703,168.74483818248612,165.9816002931334,167.8270416248752,57149200
2022-08-12,169.84024047851562,169.90931351048877,167.17568088366417,167.59017930923486,68039400
2022-08-15,170.91595458984375,171.11332550526615,169.10011807446065,169.26788410549148,54091700
2022-08-16,170.75804138183594,171.42912052331732,169.40603488259293,170.5113239880509,56377100
2022-08-17,172.2581024169922,173.83708484024334,170.30410470369227,170.50147562429416,79542000
2022-08-18,171.8633270263672,172.60347919281742,170.84685258911696,171.46858522763415,62290100
2022-08-19,169.2678985595703,171.45875054224155,169.06064929269627,170.75806641545842,70346300
2022-08-22,165.36973571777344,167.62966033417896,164.94537398602955,167.4618943197239,69026800
2022-08-23,165.03419494628906,166.49477276056035,164.46180878530728,164.88617053329148,54147100
2022-08-24,165.33026123046875,165.90264739975865,164.06706935977206,165.12302704926418,53841500
2022-08-25,167.7974395751953,167.9059958352742,166.13950584864693,166.56385255540565,51218200
2022-08-26,161.47161865234375,168.8040684970926,161.41240887853596,168.33037524819332,78961000
2022-08-29,159.26100158691406,160.7610323552504,157.72148760663381,159.03401076431982,73314000
2022-08-30,156.82345581054688,160.42552392043874,155.64907854678992,160.00117720950024,77906200
2022-08-31,155.15560913085938,158.47149093553722,155.07665777141085,158.20503197970243,87991100
2022-09-01,155.8859405517578,156.33989216971713,152.6391308869704,154.5832653521816,74229900
2022-09-02,153.76414489746094,158.2544044411162,152.93517807481416,157.65241340262483,76957800
2022-09-06,152.5009765625,155.0273606352828,151.67200961207504,154.4155062278411,73714800
2022-09-07,153.9121856689453,154.61285463504657,151.59303614241935,152.78715495485997,87449600
2022-09-08,152.431884765625,154.30693097885487,150.6752430270464,152.60951406525444,84923800
2022-09-09,155.3036651611328,155.74776853082003,152.71807161072002,153.42861893209738,68028800
2022-09-12,161.28407287597656,162.10317635640433,157.2083121383532,157.49449766359504,104956000
2022-09-13,151.8199920654297,158.43201434659505,151.35616222080873,157.800418503048,122656600
2022-09-14,153.27072143554688,155.037226524522,151.5930460586156,152.75754500619573,87965400
2022-09-15,150.3693084716797,153.2016343191028,149.39231725485783,152.6193698403597,90481100
2022-09-16,148.7212371826172,149.36271142090462,146.4218293394224,149.22455028716234,162278800
2022-09-19,152.45159912109375,152.53055048964774,147.14225134713436,147.34948551345897,81474200
2022-09-20,154.83982849121094,156.00434240653766,151.06999458899193,151.3857850189289,107689800
2022-09-21,151.7015838623047,156.65567307047792,151.58316433856976,155.2740467070239,101696800
2022-09-22,150.73448181152344,152.44176215818038,148.9285084725313,150.37920812092767,86652500
2022-09-23,148.45480346679688,149.4811563994393,146.60936192506745,149.2048340849056,96029900
2022-09-26,148.7903289794922,151.750937683408,147.67516154898482,147.69490315670595,93339400
2022-09-27,149.76731872558594,152.68845924345578,147.98108723466274,150.7344617346572,84442700
2022-09-28,147.87252807617188,148.6620267188795,142.93818038229188,145.7014181025515,146691400
2022-09-29,140.60919189453125,144.79352488091232,138.8328234069904,144.1816704801514,128138200
2022-09-30,136.3853759765625,141.2210460611346,136.18800506786133,139.42493615755308,124925300
2022-10-03,140.57957458496094,141.1914439900878,135.88208060719077,136.39525702678367,114311700
2022-10-04,144.18167114257812,144.30009068947933,142.36581942561767,143.125713321253,87830100
2022-10-05,144.47769165039062,145.44483462169993,141.13220458118386,142.17829892107557,79471000
2022-10-06,143.5204620361328,145.60275783304795,143.31322781916052,143.89547736380888,68402200
2022-10-07,138.25054931640625,141.2210362492612,137.61895341738395,140.66837666148692,85925600
2022-10-10,138.5762481689453,140.02694790278036,136.750548170711,138.5762481689453,74899000
2022-10-11,137.15512084960938,139.49401183769913,136.40510543994947,138.06303899554518,77033700
2022-10-12,136.52354431152344,138.51702522883681,136.3459150018641,137.3031797708572,70433700
2022-10-13,141.1124725341797,141.70458518782445,132.60564736672077,133.2175166847836,113224000
2022-10-14,136.56301879882812,142.62239748423457,136.37551116721934,142.41514824444727,88598000
2022-10-17,140.54010009765625,141.02365655306738,138.4281998048671,139.21769847828358,85250900
2022-10-18,141.8625030517578,144.77376532008952,138.76373315265158,143.57966155321216,99136600
2022-10-19,141.9710693359375,143.04675364711534,139.64205634508835,139.8295639891064,61758300
2022-10-20,141.50723266601562,143.97440668910568,140.77694373414428,141.14209572929755,64522000
2022-10-21,145.33627319335938,145.90865930136042,140.77692593540152,140.99403842665825,86548600
2022-10-24,147.48764038085938,148.25739736853123,144.08294369562876,145.25732078304517,75981900
2022-10-25,150.33970642089844,150.4877458912043,147.39883932372416,148.11924989222194,74732300
2022-10-26,147.3889617919922,149.99429659795183,146.09615013348827,148.97782224560154,88194300
2022-10-27,142.89871215820312,147.09290769599798,142.2375113745511,146.12577976482095,109180200
2022-10-28,153.695068359375,155.4319533375391,145.87906336998515,146.25406355734995,164762400
2022-10-31,151.32659912109375,152.21479090339474,149.92524592690708,151.1489697996957,97943200
2022-11-01,148.671875,153.408851320098,147.17184429440783,153.04371444627304,80379300
2022-11-02,143.12570190429688,150.17195049314788,143.09609701993313,146.9942290649959,93604600
2022-11-03,137.05642700195312,140.9249532404364,136.92812916133795,140.19466446387372,97918500
2022-11-04,136.78956604003906,141.03025327243037,132.83553912246873,140.45691755937278,140814800
2022-11-07,137.32333374023438,137.55068603269024,134.11068732115655,135.5341392248018,83374600
2022-11-08,137.89669799804688,139.80450887367877,135.90980476875018,138.79624280214017,89908500
2022-11-09,133.31988525390625,136.95759752003397,133.0431046023265,136.90816917152026,74917800
2022-11-10,145.18197631835938,145.18197631835938,137.8966866598679,139.61669377296678,118854000
2022-11-11,147.9794464111328,148.28588106740983,142.71070401695297,144.1440507641814,93979700
2022-11-14,146.5757598876953,148.5527731206919,145.73552323030617,147.25783186642536,73374100
2022-11-15,148.31553649902344,151.82473825025608,146.85255082741247,150.47048891741846,89868300
2022-11-16,147.0798797607422,148.14746862169088,145.5971199677711,147.4159834438759,64218300
2022-11-17,148.98773193359375,149.73899160011717,144.47024904717685,144.747029718181,80389400
2022-11-18,149.55116271972656,150.94496070019653,148.246341800127,150.5594437144723,74829600
2022-11-21,146.30886840820312,148.6417447784354,146.02220810744817,148.43416682216127,58724100
2022-11-22,148.4539337158203,148.69118076144065,145.24128683803002,146.42750698271593,51804100
2022-11-23,149.33370971679688,150.08496935516192,147.62358231947215,147.73231865639212,58301400
2022-11-25,146.40771484375,147.16886915801885,145.4290878682615,146.6054131493823,35195900
2022-11-28,142.56243896484375,144.95462339373816,141.73209694821898,143.47186332830165,69246000
2022-11-29,139.5474853515625,143.14564904140522,138.73691772229893,142.6316213475949,83763800
2022-11-30,146.3286590576172,147.01073115671917,138.93463248466975,139.77485420692707,111380900
2022-12-01,146.60543823242188,147.41602103263662,144.92497972191345,146.50659660440166,71250400
2022-12-02,146.1111602783203,146.29897894842466,143.9759823709456,144.28243209151336,65447400
2022-12-05,144.94476318359375,149.1854509024183,144.09464669546585,146.0716603810268,68826400
2022-12-06,141.26748657226562,145.60703008872727,140.28885957535718,145.3796777864446,64727200
2022-12-07,139.32012939453125,141.72219330934035,138.39093073198447,140.55576270463825,69721100
2022-12-08,141.0104522705078,141.87046321930262,139.47827919618652,140.72379200985142,62128300
2022-12-09,140.52609252929688,143.89690343111556,139.2805646427551,140.70401646542416,76097000
2022-12-12,142.82931518554688,142.8391948209038,139.43872991493555,141.0598800348259,70462700
2022-12-13,143.79806518554688,148.24634516014598,142.58220621584587,147.78174582279246,93886200
2022-12-14,141.5640411376953,144.9743859949628,139.5375995292449,143.67944472283807,82291200
2022-12-15,134.93115234375,140.17024039649047,134.46655303010576,139.48816842184618,98931900
2022-12-16,132.9640350341797,136.06794556798988,132.1930009902241,135.11898755239025,160156900
2022-12-19,130.84860229492188,133.64607753663165,129.81068252303507,133.55711557048346,79592600
2022-12-20,130.77943420410156,131.7185125149171,128.39712953221752,129.87988952300458,77432800
2022-12-21,133.89321899414062,135.2375886040089,131.224254130209,131.45160643001654,85928000
2022-12-22,130.71023559570312,133.01345799694343,128.80242492111796,132.8058800384377,77852100
2022-12-23,130.344482421875,130.89804371107982,128.14999653723166,129.41528379353238,63814900
2022-12-27,128.53550720214844,129.8996510860134,127.24056601774359,129.86999709579138,69007800
2022-12-28,124.59138488769531,129.52403118980348,124.4233405593597,128.17966147970347,85438400
2022-12-29,128.12033081054688,128.9803266572618,126.26194126578521,126.51894753125764,75703700
2022-12-30,128.43666076660156,128.45643512279935,125.9654017030859,126.93414153068441,77034200
2023-01-03,123.63252258300781,129.39551044224086,122.74286511723291,128.7826411649236,112117500
2023-01-04,124.90770721435547,127.18127564102066,123.64241984503863,125.43161455867813,89113600
2023-01-05,123.58309936523438,126.30149268134268,123.32609306355886,125.66884902202133,80962700
2023-01-06,128.1302032470703,128.79250076902682,123.45457188803941,124.56170184454875,87754700
2023-01-09,128.6541290283203,131.87667022454877,128.39712274020837,128.9704583829939,70790800
2023-01-10,129.22747802734375,129.75138537718297,126.64747490986099,128.76287866678214,63896200
2023-01-11,131.9557647705078,131.9755240444425,128.9605906771462,129.74150433319187,69458900
2023-01-12,131.87667846679688,132.71690008626126,129.92931912019301,132.34127780837738,71379600
2023-01-13,133.21115112304688,133.36931580754018,130.14678954891528,130.51253218381837,57809700
2023-01-17,134.37757873535156,135.7120534872366,132.58838434758803,133.28033589487055,63646600
2023-01-18,133.65597534179688,137.01689153014115,133.47803632197883,135.24747146776636,69672800
2023-01-19,133.71530151367188,134.68403382720132,132.23254150823482,132.53897616267878,58280400
2023-01-20,136.28541564941406,136.43370070636414,132.67737218152695,133.72518688361293,80223600
2023-01-23,139.4882049560547,141.6728117743155,136.31509126831105,136.5325639862707,81760300
2023-01-24,140.891845703125,141.51460969317372,138.68748018952127,138.6973598255773,66435100
2023-01-25,140.2295684814453,140.79300948686725,137.21461987031523,139.2707157250627,65799300
2023-01-26,142.305419921875,142.59208020551668,140.26908361074402,141.52449124388164,54105100
2023-01-27,144.2527618408203,145.5378234459024,141.43552706245464,141.51460940098116,70555800
2023-01-30,141.3564453125,143.87714018615392,141.208175354279,143.29392490593287,64015300
2023-01-31,142.63162231445312,142.68105066516867,140.64472931637368,141.05990031223737,65874500
2023-02-01,143.75851440429688,144.92496009089808,139.69576656602072,142.31530314667881,77663600
2023-02-02,149.08657836914062,149.44242627870938,146.46702672863907,147.18863235095503,118339000
2023-02-03,152.7242889404297,155.57119313377925,146.13095089780094,146.32864922602454,154357300
2023-02-06,149.98609924316406,151.34036351523568,149.0470210083263,150.8164562342184,69858300
2023-02-07,152.87255859375,153.4458943027817,148.9086520667493,148.9086520667493,83322600
2023-02-08,150.17393493652344,152.80336635897712,149.43255491704016,152.11141469080906,64120100
2023-02-09,149.135986328125,152.55622581029445,148.69116137357645,152.0125441621068,56007100
2023-02-10,149.50228881835938,149.82899586326752,147.73016708482578,147.96777632833437,57450700
2023-02-13,152.31394958496094,152.71984461594153,149.413195193509,149.44289446147238,62199000
2023-02-14,151.6704559326172,152.23477233256068,149.3538219997299,150.60123678518164,61707600
2023-02-15,153.77919006347656,153.94749097395436,151.35365383790918,151.58135329250317,65573800
2023-02-16,152.1753387451172,154.76917536637725,151.81893244470842,151.97732349543472,68167900
2023-02-17,151.0269317626953,151.47243590583543,149.34390771836374,150.8289315997935,59144100
2023-02-21,146.99755859375,149.7894107206676,146.92826533516197,148.70038717333577,58867200
2023-02-22,147.42327880859375,148.4528887502369,145.69075089528818,147.3836697109664,51011300
2023-02-23,147.9084014892578,148.83901905408,145.7699781624684,148.5915150254123,48394200
2023-02-24,145.24525451660156,145.72045796846467,144.26513323484133,145.64125487541327,55469600
2023-02-27,146.44314575195312,147.68066559008122,145.97783708430148,146.23525087875586,44998500
2023-02-28,145.9382781982422,147.5916032868755,145.36406704246494,145.58187179487862,50547000
2023-03-01,143.8592071533203,145.76003585720164,143.5621993638043,145.36403554214274,55479000
2023-03-02,144.45323181152344,145.24524759786468,142.46329007120497,142.93850860687647,52238100
2023-03-03,149.52210998535156,149.6013130753249,145.85905393614254,146.56195681168307,70732300
2023-03-06,152.29415893554688,154.73949959731118,151.92785785960842,152.25454983701871,87558000
2023-03-07,150.08642578125,152.49215731620518,149.62111707090608,152.16545023619062,56182000
2023-03-08,151.3437042236328,151.93771972152848,150.3140944812475,151.28430569513156,47204800
2023-03-09,149.08648681640625,152.99704649679572,148.73008049756518,152.02683517023416,53833600
2023-03-10,147.0173797607422,149.43302127956616,146.1362661024609,148.7103138108838,68572400
2023-03-13,148.9676971435547,151.6110378452132,146.2253488070177,146.33425116280637,84457100
2023-03-14,151.0665283203125,151.86843881288326,148.60139830336453,149.7696098588517,73695900
2023-03-15,151.46253967285156,151.71993837140982,148.42318357477492,149.68050801163758,77167900
2023-03-16,154.29400634765625,154.8979167381579,150.12603215969472,150.64084473187137,76161100
2023-03-17,153.45248413085938,155.17511745555205,152.7396713831552,154.52170325241562,98944600
2023-03-20,155.82847595214844,156.24429586867478,152.61092470384565,153.5217525047263,73641400
2023-03-21,157.68975830078125,157.80855539502778,154.97710883273007,155.7493352646716,73938300
2023-03-22,156.2542266845703,160.5211932163919,156.23442213481738,157.70955140928402,75701800
2023-03-23,157.34323120117188,159.9370833205621,156.10571123599644,157.24423866782476,67622100
2023-03-24,158.65005493164062,158.73915274100096,156.27402271003157,157.27393337455686,59196500
2023-03-27,156.69972229003906,159.1648674270664,156.29381212775743,158.34315238139064,52390300
2023-03-28,156.0760040283203,156.9076288835252,154.42267925169685,156.3928163743877,45992200
2023-03-29,159.16485595703125,159.44205919265104,157.75903523168998,157.778824672489,51305700
2023-03-30,160.739013671875,160.84791604650388,159.6598997546549,159.91729850084738,49501700
2023-03-31,163.25363159179688,163.35263923391068,160.29349343380431,160.8182007028279,68749800
2023-04-03,164.51095581054688,164.62975289569243,162.58042764470542,162.62993146566447,56976200
2023-04-04,163.97634887695312,165.17425973324032,163.46153634610226,164.9366655701128,46278300
2023-04-05,162.12501525878906,163.40214436262949,160.18459235196994,163.09524181864398,51511700
2023-04-06,163.01602172851562,163.31302951982073,160.3825758088242,160.80827539475462,45390100
2023-04-10,160.4122772216797,160.4122772216797,158.48174921205518,159.80836691031573,47716900
2023-04-11,159.194580078125,160.73900266239136,158.90746697083827,160.72910794044708,47644200
2023-04-12,158.50155639648438,160.441979159197,158.18474404786926,159.61036940374873,50133100
2023-04-13,163.9070281982422,164.1446374499689,159.8083630212289,160.01627300479524,68445600
2023-04-14,163.56056213378906,164.65948057952454,162.18444039601638,162.94674189589546,49386500
2023-04-17,163.580322265625,163.73872843453088,162.39230621171848,163.4417206444433,41516200
2023-04-18,164.80795288085938,165.73857027099072,163.99613256812546,164.4416518212544,49923000
2023-04-19,165.95639038085938,166.48109766330478,163.8872454167369,164.14465925023921,47720200
2023-04-20,164.98614501953125,166.19396563576217,163.90703130539762,164.43173852810273,52456400
2023-04-21,163.37242126464844,164.7881366917755,162.84771406794957,163.40212053189984,58337300
2023-04-24,163.67933654785156,163.94664508043508,162.25371118266517,163.35262947612597,41949600
2023-04-25,162.1349334716797,164.64956760321772,162.09532436989073,163.54075445626503,48714100
2023-04-26,162.12501525878906,163.62984381357916,161.1746083552498,161.43200707778223,45498800
2023-04-27,166.7285919189453,166.87708827078586,163.54073931024718,163.54073931024718,64902300
2023-04-28,167.9858856201172,168.15420161173702,166.20386913874557,166.80777942388167,55209200
2023-05-01,167.8968048095703,168.74821914844807,166.95629265889536,167.5899022757501,52472900
2023-05-02,166.8572998046875,168.6492415594711,165.86728374647268,168.3918277162097,48425700
2023-05-03,165.77816772460938,169.21352427793394,165.4910697460863,167.8077034423993,65136000
2023-05-04,164.13473510742188,165.3722550253471,162.66951575440282,163.24372680909343,81235400
2023-05-05,171.83709716796875,172.5598046719848,169.0551393113796,169.27294405611536,113316400
2023-05-08,171.76776123046875,172.1142728432519,170.39163971305302,170.75794076749395,55962800
2023-05-09,170.0550537109375,171.80737116626167,169.88675280256177,171.3222729910744,45326900
2023-05-10,171.82717895507812,172.29248769554175,170.1837487273319,171.29257694818676,53724500
2023-05-11,172.01527404785156,172.84688383352895,170.4510470092042,172.11428168700377,49514700
2023-05-12,171.0833740234375,172.5605284867848,169.52689179090092,172.1243165202818,45497800
2023-05-15,170.5876922607422,171.71787100649163,169.99285497252012,171.6682987112497,37266700
2023-05-16,170.5876922607422,171.64846676768477,170.3200139683082,170.5083796138232,42110300
2023-05-17,171.20233154296875,171.4402543357864,168.9518826544196,170.23077817517168,57951600
2023-05-18,173.54200744628906,173.73037308197308,171.0932844370763,171.50966446616422,65496700
2023-05-19,173.65106201171875,174.8704617599002,173.43295602393476,174.8704617599002,55772400
2023-05-22,172.69932556152344,173.20494177332736,171.95578654636702,172.481219573557,43570900
2023-05-23,170.0820770263672,171.8864057178537,169.8044903241909,171.6385593675291,50747300
2023-05-24,170.3596649169922,170.9346702690374,169.05104404436648,169.61612586083143,45143500
2023-05-25,171.49977111816406,172.40192036340346,170.21096703266915,170.92476575302507,56058300
2023-05-26,173.91871643066406,174.2557989304357,171.61871039409903,171.82690796374212,54835000
2023-05-30,175.77259826660156,177.44804166812344,175.0488913092159,175.43553093054112,55964400
2023-05-31,175.72305297851562,177.80496826079084,175.23726871202743,175.80236562165695,99625300
2023-06-01,178.53857421875,178.56831456742498,175.4057930547119,176.16916396782793,68901800
2023-06-02,179.3911590576172,180.21401063542314,177.7157155545107,179.47047169338217,61945900
2023-06-05,178.032958984375,183.35669275593358,176.50621727974132,181.05668691999816,121946500
2023-06-06,177.66616821289062,178.56831734898336,175.90148844243106,178.41961560329207,64848400
2023-06-07,176.2881317138672,179.64892709288569,175.7924390908418,176.90278572567038,61944600
2023-06-08,179.0144500732422,179.28211321134853,175.93124119908015,176.36743802214428,50214900
2023-06-09,179.40109252929688,180.6601409825454,179.0739335613958,179.93643394119178,48870700
2023-06-12,182.20669555664062,182.30584013644759,179.4109969086846,179.70841552076647,54274900
2023-06-13,181.7308349609375,182.5635949733869,180.86833459999627,181.2252339092373,54929100
2023-06-14,182.36534118652344,182.8015531826157,180.45197462688512,181.79033583961464,57462900
2023-06-15,184.40757751464844,184.91319370821412,182.19679249165128,182.37524971506843,65433200
2023-06-16,183.32696533203125,185.37914013584773,182.68257094685526,185.12137027990616,101235600
2023-06-20,183.4161834716797,184.49680491343358,182.82136138571053,182.82136138571053,49799100
2023-06-21,182.37527465820312,183.8127805401231,181.0170663004923,183.3071642774052,49515700
2023-06-22,185.38905334472656,185.43862563579464,182.0877384404729,182.15714267343606,51245300
2023-06-23,185.07179260253906,185.94421646985703,183.41618103785228,183.95153754819322,53079300
2023-06-26,183.67396545410156,186.43001547826037,183.63430156934749,185.22052415803645,48088700
2023-06-27,186.43991088867188,186.7670698420573,184.07050070567323,184.28860667459685,50730800
2023-06-28,187.61968994140625,188.2640844107442,185.9839100562617,186.31105393141783,51216800
2023-06-29,187.95672607421875,188.43260188630063,187.3123317121149,187.4511250421375,46347300
2023-06-30,192.2990264892578,192.80462759541973,189.6123654098311,189.97918829297507,85069600
2023-07-03,190.80201721191406,192.20978249103928,190.10803541561756,192.11063791232868,31458200
2023-07-05,189.68174743652344,191.3175270975779,188.97785723169864,189.91968534956396,46920300
2023-07-06,190.15762329101562,190.365820872437,187.57010689891024,188.204592923582,45094300
2023-07-07,189.03733825683594,191.01020041329645,188.60114143984475,189.76106040417397,46778000
2023-07-10,186.98519897460938,188.35331565327752,185.42871665150543,187.62959342704087,59922200
2023-07-11,186.4597625732422,187.66925393721883,184.99251645839882,187.53046059023825,46638100
2023-07-12,188.13519287109375,190.04855924155865,186.84638895388292,188.0459566971953,60750200
2023-07-13,188.89854431152344,189.54295381895912,188.1450969456968,188.85889555641208,41342300
2023-07-14,189.04725646972656,189.5330255625977,187.9963905210603,188.59121259694425,41573900
2023-07-17,192.31883239746094,192.64599134916114,190.1576046603519,190.2468257033596,50520200
2023-07-18,192.06106567382812,192.65590289157154,190.76235338000512,191.68434955477355,48353800
2023-07-19,193.41929626464844,196.52232225877913,190.99038994943103,191.43652547824442,80507300
2023-07-20,191.46624755859375,194.777470825343,190.84166997972974,193.40935427253197,59581200
2023-07-21,190.2864990234375,193.29039530573385,189.58260879656223,192.42789492586837,71917800
2023-07-24,191.08950805664062,193.2309038397432,190.59381542873754,191.74382595603396,45377800
2023-07-25,191.9520263671875,192.7649696142135,191.25805964859208,191.66453127210508,37283200
2023-07-26,192.824462890625,193.9546416567155,191.65463536403175,192.001611182289,47471900
2023-07-27,191.55548095703125,195.50119046422063,190.89125457942112,194.33136299756583,47460200
2023-07-28,194.14300537109375,194.93611671931453,192.46756161890426,192.99299467254062,48291400
2023-07-31,194.7576446533203,194.7973085377491,193.57789369266726,194.37100498050742,38824100
2023-08-01,193.92486572265625,195.0352123410956,193.59770678100793,194.54944325919743,35175100
2023-08-02,190.9209747314453,193.49856732490423,190.19726772902345,193.35977399392826,50389300
2023-08-03,189.52313232421875,190.71279169853844,189.04727159995883,189.91969553388512,61235200
2023-08-04,180.42222595214844,185.76579240309633,180.35282171627148,183.92181504025928,115799700
2023-08-07,177.3092803955078,181.5524085909385,175.82220233279125,180.56102321579414,97576100
2023-08-08,178.25108337402344,178.71703568412062,176.05020675575068,178.14203038384454,67823000
2023-08-09,176.65493774414062,179.37132361114365,175.48509529864398,179.31184291731705,60378500
2023-08-10,176.4368438720703,179.1928938087059,176.07003615011226,177.93383023619305,54686900
2023-08-11,176.49639892578125,177.32036168980022,175.26543082107975,176.02983256684112,51988100
2023-08-14,178.15428161621094,178.38260392804418,176.01991561712387,176.67511718788185,43675600
2023-08-15,176.1588897705078,178.17411849604412,175.7618061867858,177.5784931204611,43622600
2023-08-16,175.28529357910156,177.24094603057796,175.2157956243564,175.84121662599503,46964900
2023-08-17,172.73399353027344,176.218449670705,172.21777275650916,175.85114660071363,66062900
2023-08-18,173.22042846679688,173.82599075554495,170.70883778094841,171.04636032936088,61114200
2023-08-21,174.56057739257812,174.84847582356457,172.47586616641206,173.7961908502,46311900
2023-08-22,175.94049072265625,176.38721354501158,174.96762533098521,175.77172944077836,42084200
2023-08-23,179.8022003173828,180.2290795956185,177.0325064942749,177.22112651388355,52722800
2023-08-24,175.0966796875,179.78233860000068,174.72936147404116,179.355459364837,54945800
2023-08-25,177.31045532226562,177.84651968096887,174.54076169805765,176.08940889849805,51449600
2023-08-28,178.8789520263672,179.27603559399373,177.25088516267095,178.77967356057698,43820700
2023-08-29,182.78036499023438,183.55468861261488,178.19398428109324,178.3925260808221,53003900
2023-08-30,186.28466796875,186.48322490340712,183.39585240180426,183.59439418869403,60813900
2023-08-31,186.50308227539062,187.74398746995786,186.11592046059639,186.4733017625425,60794500
2023-09-01,188.08152770996094,188.53817234491697,186.91010531378714,188.11130822320726,45732600
2023-09-05,188.31976318359375,188.59772472633045,186.24497340110617,186.91009674606673,45280000
2023-09-06,181.57916259765625,187.47594597496703,180.14963751857883,187.02920802693,81755800
2023-09-07,176.26809692382812,176.9133767073295,172.27734161590178,173.90540860928058,112488800
2023-09-08,176.88356018066406,178.92858440411607,176.4963984153427,177.05233659559462,65551300
2023-09-11,178.0549774169922,178.98814040153138,176.0496706936909,178.7598181226865,58953100
2023-09-12,175.0172576904297,178.81939272059032,173.5480302988034,178.18404991763566,90370200
2023-09-13,172.94244384765625,176.0099571796133,172.71410643559972,175.2256967861003,84267900
2023-09-14,174.46133422851562,174.81871550108795,172.3170465930817,172.73398888645488,60895800
2023-09-15,173.73663330078125,175.2157976120051,172.55530438661506,175.1959388893145,109205100
2023-09-18,176.67510986328125,178.07485448429676,174.8882034479176,175.19594549627539,67257600
2023-09-19,177.76710510253906,178.32302815377042,175.84121799808253,176.22837977645918,51826900
2023-09-20,174.213134765625,178.39249419218916,174.1237780961169,177.95569322220518,58436200
2023-09-21,172.66448974609375,175.01725608596104,172.59500693822505,173.27998896827123,63047900
2023-09-22,173.5182342529297,175.79158086544706,172.7836281326413,173.39911221131908,56725400
2023-09-25,174.79884338378906,175.6823671360894,172.88287819083024,172.93251742028295,46172700
2023-09-26,170.70883178710938,173.92524796713502,170.41101154694528,173.54802313417602,64588900
2023-09-27,169.18994140625,171.78095161168793,167.81999260813018,171.36400935593267,66921800
2023-09-28,169.4480743408203,170.77832096236608,166.40040416763804,168.1078907839796,56294400
2023-09-29,169.9642791748047,171.81074638236362,169.10059901226265,170.7683831744606,51814200
2023-10-02,172.48580932617188,173.03181060107437,169.6863201427267,169.97421860938772,52164500
2023-10-03,171.14561462402344,172.36667607241205,169.5771240058018,171.0066338674304,49594600
2023-10-04,172.39646911621094,172.94247039530038,169.7260388902924,169.8451609338146,53020300
2023-10-05,173.6373748779297,174.17343922355133,171.42358924241523,172.52551359241795,48527900
2023-10-06,176.19862365722656,176.69498575707453,171.91996963241104,172.53546893670554,57224100
2023-10-09,177.68768310546875,177.74724412480685,174.52089096334598,175.52353680032698,42390800
2023-10-10,177.092041015625,178.41236580749592,176.6552400140717,176.80415770883764,43698000
2023-10-11,178.49179077148438,178.54143000452555,176.30780084757703,176.90342620076967,47551100
2023-10-12,179.39517211914062,181.01330204161414,177.73730960362397,178.75982932462722,56743100
2023-10-13,177.54869079589844,180.60626734000098,176.84385010145385,180.09998356079097,51427100
2023-10-16,177.41964721679688,177.7770284883398,175.22572035442593,175.46397958471027,52517000
2023-10-17,175.86106872558594,177.12183257732815,173.5281761730158,175.36470667426025,57549400
2023-10-18,174.56057739257812,176.2879225352004,173.83589314356078,174.30247461631913,54764400
2023-10-19,174.18338012695312,176.54605322348112,173.91534037415258,174.75914678442408,59302900
2023-10-20,171.6221466064453,174.14365914589465,171.38388737014972,174.03445888939677,64189300
2023-10-23,171.7412567138672,172.7439025281915,168.69358667928853,169.66646713238327,55980100
2023-10-24,172.1780548095703,172.40637709061713,170.2025285754243,171.79089305137515,43816600
2023-10-25,169.8551025390625,171.80083332633419,169.4083645680371,170.62942613878033,57157000
2023-10-26,165.67572021484375,170.13305676328346,164.4645956319317,169.1303957533013,70625300
2023-10-27,166.99606323242188,167.7306845808466,165.6161772243234,165.6955969766749,58499100
2023-10-30,169.05096435546875,169.92456632823416,167.6412980843576,167.79021577395145,51131000
2023-10-31,169.52748107910156,169.65652489813172,166.67835290941483,168.11781482217418,44846000
2023-11-01,172.70420837402344,172.9623111800798,168.88221462983017,169.75581666227828,56934900
2023-11-02,176.2780303955078,176.4864939793014,174.18338188289627,174.2429429068373,77334800
2023-11-03,175.3647003173828,175.53347673875106,172.08872301559984,172.97224682902157,79763700
2023-11-06,177.92593383789062,178.1244756256995,174.92791800211177,175.09667927913767,63841300
2023-11-07,180.49708557128906,181.11256960611928,177.66781610245852,177.87627966042598,70530000
2023-11-08,181.55931091308594,182.11523398810698,180.26876654734838,181.023246561535,49340300
2023-11-09,181.08279418945312,182.78034380026955,180.48715371155149,181.62879543623518,53763500
2023-11-10,185.2875518798828,185.4565506612299,182.43468499907056,182.87206148972973,66133400
2023-11-13,183.6970977783203,184.9197527658604,183.1106225987718,184.71101456121173,43627500
2023-11-14,186.32135009765625,186.987349680322,185.18815428767326,186.579792942837,60108400
2023-11-15,186.88792419433594,188.3690371233907,186.65930111391893,186.72889062449767,53790500
2023-11-16,188.57781982421875,189.82035984023278,187.52413314974999,188.43865594913416,54412900
2023-11-17,188.55792236328125,189.24380683321974,187.44461143684416,189.11457782649978,50922700
2023-11-20,190.3074188232422,190.7646802061248,188.74679650771577,188.75673136709773,46505100
2023-11-21,189.50225830078125,190.37701130719432,188.60763557529475,190.26766718139268,38134500
2023-11-22,190.16824340820312,191.77857025832532,189.6911123355231,190.34717704028523,39617700
2023-11-24,188.83624267578125,189.76068506922263,188.1205384889839,189.73086532541635,24048300
2023-11-27,188.65731811523438,189.53207108953595,187.77263028176083,188.78654712309,40552600
2023-11-28,189.263671875,189.9396214691522,188.26963995303524,188.64737693705334,38415400
2023-11-29,188.2398223876953,190.9435904601538,187.84221568139642,189.76069003248776,43014200
2023-11-30,188.8163604736328,189.1841625986753,187.06686975200412,188.70701635554832,48794400
2023-12-01,190.09869384765625,190.4167762150089,188.1006797287955,189.19412104596933,45679300
2023-12-04,188.29946899414062,188.91577913023963,186.33128993843854,188.84618961175903,43389500
2023-12-05,192.26565551757812,193.23980256929687,189.0449865799245,189.07482149235318,66628400
2023-12-06,191.17222595214844,193.5976510937421,190.9634725753497,193.28950362567244,41089700
2023-12-07,193.110595703125,193.83623479668313,192.43464607405332,192.4744158469115,47477700
2023-12-08,194.5419921875,194.8203199094653,192.5141585929263,193.04099429291227,53377300
2023-12-11,192.02708435058594,192.33524699521988,190.27759358324766,191.9575100014726,60943700
2023-12-12,193.5479736328125,193.5579084922386,190.5758125501861,191.92769665062553,52696900
2023-12-13,196.77854919433594,196.81830379403195,193.68710957348847,193.92566750710878,70404200
2023-12-14,196.9276885986328,198.42867152282497,194.98932914878858,196.83822935503815,66831600
2023-12-15,196.39088439941406,197.21591750628332,195.82427895138287,196.35111463057538,128256700
2023-12-18,194.7209014892578,195.45649052996882,193.2298536912898,194.9197048287757,55751900
2023-12-19,195.76466369628906,195.77459855586707,194.72092706706565,194.98931995291727,40714100
2023-12-20,193.66725158691406,196.50023361616374,193.66725158691406,195.72488988877126,52242800
2023-12-21,193.5181121826172,195.90379770975298,192.34516188676014,194.9296507492267,46482500
2023-12-22,192.44459533691406,194.24379077463595,191.8183503425399,194.01515250091973,37122800
2023-12-26,191.8978729248047,192.73285613100865,191.67918468017166,192.45452839560733,28919300
2023-12-27,191.9972686767578,192.34518593287333,189.94956524818429,191.34121910492223,48087700
2023-12-28,192.42469787597656,193.49825415286705,192.01714115491455,192.98135331561093,34049900
2023-12-29,191.38095092773438,193.23978563415233,190.58572241393787,192.7427697089948,42628800
2024-01-02,184.53208923339844,187.31538170646215,182.79253333369908,186.03307200647276,82488700
2024-01-03,183.15040588378906,184.77068298489988,182.3352923192933,183.1205861355978,58414500
2024-01-04,180.82435607910156,181.99730650228184,179.80050438167336,181.06291404030495,71983600
2024-01-05,180.09869384765625,181.6692660827433,179.09472708075188,180.90387243418792,62303300
2024-01-08,184.4525604248047,184.49233019548157,180.41679326133186,181.0032684531674,59144500
2024-01-09,184.0350799560547,184.04501481546237,181.63945924679223,182.8223597284498,42841800
2024-01-10,185.0787811279297,185.28751930959103,182.8223247210693,183.24976627734006,46792900
2024-01-11,184.48239135742188,185.93368472067908,182.52414714521402,185.42671870400414,49128400
2024-01-12,184.81040954589844,185.6255229866903,184.08477050382692,184.9495734055796,40444700
2024-01-16,182.53407287597656,183.16030262539027,179.85017475552078,181.07284484780743,65603000
2024-01-17,181.5897674560547,181.83827546833925,179.22398149315907,180.18819379424113,47317400
2024-01-18,187.50424194335938,188.01119275141858,184.72094959289208,184.979392426226,78005800
2024-01-19,190.41676330566406,190.8044351704297,187.693125392904,188.20007624137466,68741000
2024-01-22,192.73284912109375,194.16425751836653,191.11257223144145,191.15234200232317,60133900
2024-01-23,194.01515197753906,194.58175747905844,192.67321792314553,193.8561183903394,42355600
2024-01-24,193.33920288085938,195.20798769039715,193.18015413797895,194.25371040083746,53631300
2024-01-25,193.01116943359375,195.0986424607324,191.95749806154728,194.0549059471631,54822100
2024-01-26,191.27162170410156,193.59765277461963,190.79449062577763,193.11058683739938,44594000
2024-01-29,190.58575439453125,191.05295065599338,188.44859162482356,190.8640821459055,47145600
2024-01-30,186.9177703857422,190.6553404086777,186.35118003362723,189.80047228297695,55859400
2024-01-31,183.2994842529297,185.98338263365994,183.24979478995033,185.92372797618197,55467800
2024-02-01,185.74481201171875,185.83427124755644,182.72296153753896,182.8919451500293,64885400
2024-02-02,184.7408447265625,186.21200777158808,178.18022776276848,178.78658786144558,102518000
2024-02-05,186.55990600585938,188.120543422021,184.73089088840356,187.02710222804,69668800
2024-02-06,188.1702423095703,188.180177168222,185.65534280788862,185.74480203892318,43490800
2024-02-07,188.2795867919922,189.9097985097057,187.48435823433906,189.5022417883465,53439000
2024-02-08,187.1961212158203,188.4088263513659,186.23190892276523,188.25972761232654,40962000
2024-02-09,187.9624786376953,189.0971204380579,187.11646725876852,187.76340641648085,45155200
2024-02-12,186.27044677734375,187.78330749959082,185.91213805857674,187.53448242231033,41781900
2024-02-13,184.1703643798828,185.33487911795885,182.64755610649428,184.89694454758455,56529500
2024-02-14,183.28456115722656,184.65808055839094,181.5826059912504,184.44907598078342,54630500
2024-02-15,182.9959259033203,183.62296999377594,180.4977274519665,182.68738521978767,65434500
2024-02-16,181.45318603515625,183.981257173353,180.81619448303394,182.5579699194549,49701400
2024-02-20,180.7067108154297,181.57261717237213,179.1540448566047,180.93562562036504,53665600
2024-02-21,181.4631805419922,182.03049388623003,179.81097819372195,181.08496152111414,41529700
2024-02-22,183.50352478027344,184.09076354210745,181.60251261136847,182.6177080564135,52292200
2024-02-23,181.66221618652344,184.17036202409395,181.37357059288817,184.1405042298665,45119700
2024-02-26,180.30860900878906,181.90108040317875,179.8009961275691,181.38353517321784,40867400
2024-02-27,181.77169799804688,183.05562869813585,178.71611879819,180.24888975946536,54318900
2024-02-28,180.56739807128906,182.25940572629614,179.28346722817705,181.65227187035535,48953900
2024-02-29,179.90054321289062,181.71199718953457,178.6862755375109,180.41810366151438,136682600
2024-03-01,178.815673828125,179.6815803178056,176.54639012704013,178.7061901764464,73488000
2024-03-04,174.27711486816406,176.06864352848322,172.97325852152966,175.32216819099037,81510100
2024-03-05,169.32049560546875,171.2314705105848,168.82284541599856,169.95748724050745,95132400
2024-03-06,168.32518005371094,170.43522699407845,167.88724549652,170.256065044738,68587700
2024-03-07,168.20574951171875,169.92761476617306,167.6981518296525,168.35503848083317,71765100
2024-03-08,169.92762756347656,172.8836708711805,168.14604658720506,168.20576217934803,76114600
2024-03-11,171.93814086914062,173.56048535052068,171.2414336396481,172.12725037151972,60139500
2024-03-12,172.41586303710938,173.2121062975323,170.20629520329734,172.3362371923594,59825400
2024-03-13,170.3257598876953,172.37607625258147,169.95748841772314,171.9580519129805,52488700
2024-03-14,172.1869659423828,173.49080701178275,171.2414336176872,172.0973925529764,72913500
2024-03-15,171.80873107910156,171.80873107910156,169.4896795825833,170.36554869703198,121664700
2024-03-18,172.90357971191406,176.87483361469177,172.70452267737835,174.7448914522954,75604200
2024-03-19,175.2524871826172,175.77999515234478,172.2168180823409,173.52065910891577,55215200
2024-03-20,177.83030700683594,177.83030700683594,174.2671300256647,174.89417408943874,53423100
2024-03-21,170.56460571289062,176.65585381045534,170.037097774542,176.21791925324277,106181300
2024-03-22,171.47035217285156,172.23673773536032,169.26078406375387,170.95279171103329,71106600
2024-03-25,170.0470733642578,171.13194711675717,168.65364374159117,169.76839047714014,54288300
2024-03-26,168.9124298095703,170.61438491064948,168.78303590364706,169.20106023000122,57388400
2024-03-27,172.49549865722656,172.78414425918754,169.31054062211945,169.609133760084,60273300
2024-03-28,170.67408752441406,171.42056273337485,169.70864503919194,170.94282285202152,65672700
2024-04-01,169.23092651367188,170.4451942217802,168.68350825393796,170.38547862745995,46240500
2024-04-02,168.0465087890625,168.54415896803064,167.43937496323824,168.28538634231538,49329500
2024-04-03,168.85269165039062,169.8778497555363,167.78772821512752,167.99673277562965,47691700
2024-04-04,168.026611328125,171.11203328162168,168.026611328125,169.48968886138192,53704400
2024-04-05,168.78305053710938,169.58924146405172,168.15600639967445,168.79299807416663,42055200
2024-04-08,167.65835571289062,168.40483104125352,167.4493511257135,168.23563178927415,37425500
2024-04-09,168.87261962890625,169.2806964440478,167.55883097808936,167.90717701117094,42451200
2024-04-10,166.99148559570312,168.29532657810816,166.3246362072623,168.0066961691415,49709300
2024-04-11,174.2173614501953,174.63540094951088,167.36970557110288,167.54885233902874,91070300
2024-04-12,175.72027587890625,177.52176704196785,173.39127675717174,173.44102962389059,101593300
2024-04-15,171.87841796875,175.7999037342719,171.68930847441092,174.53586805138283,73531800
2024-04-16,168.583984375,172.94338974194338,167.47920033817573,170.94284143183614,73711200
2024-04-17,167.21044921875,169.8479889202863,167.21044921875,168.81288329791278,50901200
2024-04-18,166.2549591064453,167.8474456964944,165.7672716683895,167.24031189258443,43122900
2024-04-19,164.22454833984375,165.6179626751691,163.30887389276177,165.42886837664992,67772100
2024-04-22,165.0606231689453,166.47394798708703,163.99565958352764,164.74213492186811,48116400
2024-04-23,166.11561584472656,166.26492000363532,164.14492548116624,164.57291251221173,49537800
2024-04-24,168.22567749023438,168.50436038665487,165.4288858023208,165.75732156896873,48251800
2024-04-25,169.09156799316406,169.80818542681567,167.35973999732644,168.73325927633826,50558300
2024-04-26,168.5043487548828,170.53475474394267,168.38490238817732,169.081624768213,44838400
2024-04-29,172.6846160888672,175.20272483761752,172.28650201133235,172.555222179483,68169400
2024-04-30,169.52951049804688,174.1676137755898,169.20105955998108,172.51541154910535,65934800
2024-05-01,168.5043487548828,171.89832652202932,168.31523926242042,168.78303163206596,50383100
2024-05-02,172.21682739257812,172.6049939419865,170.08688513916925,171.69926693100732,94214900
2024-05-03,182.51817321777344,186.12115543095717,181.80155578938326,185.7727942523785,163224100
2024-05-06,180.85604858398438,183.33433694545525,179.5721025190793,181.49304025440043,78569700
2024-05-07,181.54278564453125,184.0310366275269,180.46787458450643,182.58785409480518,77305800
2024-05-08,181.8811798095703,182.20963072654146,180.5972339353124,181.9906634485607,45057100
2024-05-09,183.70260620117188,183.792179594264,181.2541604804327,181.70204263297254,48983000
2024-05-10,182.4368438720703,184.47000383075684,181.51992740382525,184.28063783698332,50759500
2024-05-13,185.65602111816406,186.47328168344126,184.00157793065927,184.81883849593646,72044800
2024-05-14,186.8021697998047,187.66926595480425,185.6659889969534,186.8819036535792,52393600
2024-05-15,189.0845184326172,190.01139602124525,186.7423838683229,187.28058361009533,70400000
2024-05-16,189.2041015625,190.45989075478766,189.02471179656044,189.83199615864385,52845200
2024-05-17,189.23399353027344,190.17084727488813,188.54630236847427,188.87519880271202,41282900
2024-05-20,190.40008544921875,191.27714266640717,188.37688635675946,188.69582178398366,44361300
2024-05-21,191.70570373535156,192.08442053272114,190.28048580582154,190.44991454290118,42309400
2024-05-22,190.2605438232422,192.17412585880137,189.63266445026173,191.625965130265,34648500
2024-05-23,186.25401306152344,190.36020743395642,186.0048504863481,190.34027016979292,51005900
2024-05-24,189.3436279296875,189.94162421863646,187.41012383078694,188.1875250894915,36294600
2024-05-28,189.3535919189453,192.35350378297326,188.46657377923762,190.86848939299406,52280100
2024-05-29,189.652587890625,191.6060292626522,188.8752018363686,188.97487295416659,53068000
2024-05-30,190.6492462158203,191.53626445370173,189.99146851693155,190.12102272627732,49947900
2024-05-31,191.60601806640625,191.92495345858123,189.2738600399137,190.79873376551856,75158300
2024-06-03,193.38006591796875,194.33685694398167,191.8751293663799,192.25384615761888,50080500
2024-06-04,193.69900512695312,194.66575720064256,192.38341934135104,193.98802704232938,47471400
2024-06-05,195.21389770507812,196.24044634116564,194.2172473626493,194.74547082752238,54156800
2024-06-06,193.82855224609375,195.84179017422778,193.5195930765027,195.03450583879902,41181800
2024-06-07,196.23046875,196.28030430445062,193.48968053965237,193.99796669662618,53103900
2024-06-10,192.47311401367188,196.63912045583442,191.5063619410421,196.24045118441725,97262100
2024-06-11,206.4561004638672,206.46607669963058,192.9813995595946,193.00132161576843,172373300
2024-06-12,212.35629272460938,219.46239922329934,206.20694681699416,206.67537368785207,198134300
2024-06-13,213.5223846435547,216.02397164318222,210.89122822700367,214.0207098376566,97862700
2024-06-14,211.7782440185547,214.44925972841028,210.59222763705992,213.13368913916617,70122700
2024-06-17,215.94422912597656,218.21659070332575,212.0074632920053,212.65527993528355,93728300
2024-06-18,213.5721893310547,217.89766325641614,212.28651711595563,216.86113841241473,79943300
2024-06-20,208.97764587402344,213.5223844137921,208.15043943546107,213.21341001933183,86172500
2024-06-21,206.79498291015625,211.18023828891836,206.41625091745033,209.6852627905662,246421400
2024-06-24,207.4427947998047,211.98751777765062,205.89798377862786,207.02420349475855,80727000
2024-06-25,208.36968994140625,210.67194975002218,207.91122410230182,208.44940858434205,56713900
2024-06-26,212.5356903076172,214.1402980033581,209.9344322470105,210.79155216910215,66213200
2024-06-27,213.38284301757812,215.01734896028734,211.6387049296034,213.97086306596705,49772700
2024-06-28,209.9144744873047,215.34623061165473,209.5955543096767,215.0472324898511,82542700
2024-07-01,216.02395629882812,216.78140506529675,211.2101334408119,211.37956216985054,60402900
2024-07-02,219.53216552734375,219.64179766849512,214.3794853085834,215.42595595595571,58046200
2024-07-03,220.80787658691406,220.80787658691406,218.29631357753755,219.26306558331447,37369800
2024-07-05,225.5818328857422,225.69146503075916,220.90754038733803,220.90754038733803,60412400
2024-07-08,227.056884765625,227.08678305881674,222.50218547217585,226.32931907748747,59085900
2024-07-09,227.9139862060547,228.631575647805,225.6117264169712,227.1664984715379,48076100
2024-07-10,232.1995849609375,232.2992560750062,228.48208356286247,228.53191911989683,62627700
2024-07-11,226.80772399902344,231.61157070495582,225.01375035477759,230.61492037011672,64710600
2024-07-12,229.76776123046875,231.86073301422448,227.91399100155513,228.1531925563972,53046500
2024-07-15,233.61483764648438,236.43535998230433,232.3092281117703,235.68787221439834,62631300
2024-07-16,234.03343200683594,235.47857190808813,231.55176727169922,234.2128217621178,43234300
2024-07-17,228.1133270263672,230.68468664215072,225.88082486496336,228.68140979310064,57345900
2024-07-18,223.42906188964844,229.66810263837593,221.52547133243425,229.50863493701104,66034600
2024-07-19,223.55862426757812,226.04028896611686,222.5320756847993,224.06692564873424,49151500
2024-07-22,223.20982360839844,227.01702011468987,222.34272744507626,226.24959507146193,48201800
2024-07-23,224.25628662109375,226.17982967750157,221.93408951337017,223.61843101438217,39960300
2024-07-24,217.80796813964844,224.04700927387208,216.40270265661363,223.24968592545983,61777600
2024-07-25,216.76148986816406,220.11023564894725,213.9010930254534,218.19665359620475,51391200
2024-07-26,217.22991943359375,218.7547932697213,215.28643906297688,217.96743096801922,41601300
2024-07-29,217.50897216796875,218.5654190781,215.0273073866339,216.23326096996,36311800
2024-07-30,218.0670928955078,219.59196666736065,215.3960621319004,218.45578591171193,41643800
2024-07-31,221.3361053466797,223.07028238181744,219.89096542123676,220.6982497488722,50036300
2024-08-01,217.62855529785156,223.72805013234773,216.29304757526307,223.618417993468,62501000
2024-08-02,219.12355041503906,224.84432899946665,216.98075820790513,218.41592196270943,105568600
2024-08-05,208.56903076171875,212.7848576409039,195.3434758670593,198.423121913284,119548600
2024-08-06,206.53585815429688,209.28662299148326,200.39650324752455,204.612330181792,69660500
2024-08-07,209.11717224121094,212.92436846093156,205.69865382063958,206.20693999643444,63516400
2024-08-08,212.59548950195312,213.48250772924823,208.13050007077933,212.39616246807245,47161100
2024-08-09,215.51568603515625,216.05387055494424,211.259984607228,211.38955402452135,42201600
2024-08-12,217.0522918701172,219.02793942662467,215.12653755613,215.59550663031672,38028100
2024-08-13,220.78407287597656,221.40270642093424,218.52902632127157,218.52902632127157,44155300
2024-08-14,221.23309326171875,222.54021400164925,219.21752501736546,220.08562480803565,41960600
2024-08-15,224.22650146484375,224.8551228159093,222.27079905335071,224.10676986474735,46414000
2024-08-16,225.5535888671875,226.33187474025672,223.15885022096822,223.42826155403992,44340200
2024-08-19,225.39393615722656,225.4937226434457,222.5501887780633,225.2243113108782,40687800
2024-08-20,226.0125732421875,226.6711275207631,224.95490346311303,225.27420804373648,30299000
2024-08-21,225.90280151367188,227.47933353511345,224.5557753561492,226.02254833732334,34765500
2024-08-22,224.03692626953125,227.8385569948794,223.4083048904395,227.28976176117078,43695300
2024-08-23,226.3418426513672,227.7188169640382,223.83736023691762,225.16444130741013,38677300
2024-08-26,226.68109130859375,226.7808777924977,223.39832305195915,226.2620154817008,30602200
2024-08-27,227.5292205810547,228.3474270817302,224.39611696496783,225.5036798955901,35934600
2024-08-28,225.99261474609375,229.35520907583674,225.18438078371824,227.4194670399241,38052200
2024-08-29,229.28536987304688,232.4085012026452,228.37737982242845,229.59470189609323,51906300
2024-08-30,228.49710083007812,229.89402024722435,226.98043458769098,229.6844899472923,52990800
2024-09-03,222.28077697753906,228.49709095305272,220.68428466242796,228.04808224732741,50190600
2024-09-04,220.36500549316406,221.29295584608857,217.0023958735564,221.17322424578342,43840200
2024-09-05,221.89163208007812,224.98481497811864,221.03352013282222,221.14327916881817,36615400
2024-09-06,220.3350830078125,224.74537478911404,219.28738577978086,223.4581991238727,48423000
2024-09-09,220.42486572265625,220.7840757397734,216.23409233980902,220.33506702469683,67180000
2024-09-10,219.6266326904297,220.99361925876318,216.25405039598212,218.4392435287618,51591000
2024-09-11,222.1710205078125,222.6000688776049,217.4114916314568,220.9736588702828,44587100
2024-09-12,222.28077697753906,223.059062794204,219.33725854525207,222.01136566399225,37498200
2024-09-13,222.01138305664062,223.5479944694599,221.42268236911949,223.08901316997165,36766600
2024-09-16,215.84495544433594,216.74297289953918,213.4502168549942,216.0644583037111,59357400
2024-09-17,216.31390380859375,216.42366284814068,214.02893954474482,215.27619443719672,45519300
2024-09-18,220.20535278320312,222.22092099435915,217.06226125375574,217.07224903728172,59894900
2024-09-19,228.3673858642578,229.31531179988679,224.1367068474718,224.49591687958383,66781300
2024-09-20,227.6988525390625,232.57811312113958,227.12012443578536,229.46496974860833,318679900
2024-09-23,225.97265625,228.94610768522742,225.31410200503296,226.8407407931877,54146000
2024-09-24,226.8706817626953,228.8463445678705,225.2342838755063,228.14786961487798,43556100
2024-09-25,225.8728790283203,226.79085685048213,223.52804884217394,224.43603888049125,42308700
2024-09-26,227.02035522460938,227.99819881641105,224.9149883158055,226.80083714120576,36636700
2024-09-27,227.2897491455078,229.01596089620384,226.80083496693393,227.9582911728241,34026000
2024-09-30,232.4883270263672,232.4883270263672,229.14567760776433,229.53482055042815,54541900
2024-10-01,225.71324157714844,229.14567442683443,223.24866456606327,229.01597026460064,63285000
2024-10-02,226.281982421875,226.8706831083472,222.5302449869956,225.39393750024195,32880600
2024-10-03,225.17440795898438,226.3119038145279,222.82957789090332,224.64557310138042,34044200
2024-10-04,226.30194091796875,227.49930262356304,223.63780617480538,227.39951613756347,37245100
2024-10-07,221.20315551757812,225.1943712346882,220.84394549402703,224.0069821228032,39505400
2024-10-08,225.27420043945312,225.4837307412941,222.75973024040246,223.80742742544692,31855700
2024-10-09,229.03591918945312,229.24546472466872,224.33627096325682,224.73538646570117,33591100
2024-10-10,228.53701782226562,228.99601435408132,226.67112924406288,227.27979028338342,28183500
2024-10-11,227.05029296875,228.9062089337624,226.84074743911052,228.79644988971887,31759200
2024-10-14,230.79205322265625,231.22110160659443,228.09798564307096,228.19775690140833,39882100
2024-10-15,233.33645629882812,236.9684620133565,231.85969551276995,233.0969778733182,64751400
2024-10-16,231.27099609375,231.61024577942743,229.33525401328018,231.09139869260778,34082200
2024-10-17,231.6401824951172,233.3364614020046,230.0137723986246,232.9173703418766,32993800
2024-10-18,234.48391723632812,235.66131853389138,233.4960858911256,235.66131853389138,46431500
2024-10-21,235.96067810058594,236.32987592195377,233.9351372634737,233.9351372634737,36254500
2024-10-22,235.342041015625,235.70125104779564,232.08920560922664,233.376366009758,38846600
2024-10-23,230.25323486328125,234.62362105235994,227.25982300232985,233.56595129753524,52287000
2024-10-24,230.0636749267578,230.3131259260407,227.90841463888628,229.47495899723685,31109500
2024-10-25,230.9018096923828,232.7078323586645,229.0658541264054,229.23547896644118,38802300
2024-10-28,232.88743591308594,234.21451699403664,232.03931169048735,232.80762499530724,36087100
2024-10-29,233.15684509277344,233.815399347975,231.8098189074392,232.58810476348472,35417200
2024-10-30,229.5946807861328,232.95727501758805,229.04588560251634,232.09916306464564,47070900
2024-10-31,225.4138946533203,229.325284321648,224.8750719925984,228.83635490362704,64370100
2024-11-01,222.42047119140625,224.8551151455125,219.78626950218685,220.48472918772245,65276700
2024-11-04,221.52244567871094,222.3007315284092,219.2275088130919,220.5046966292777,44944500
2024-11-05,222.95928955078125,223.45819152571042,220.65436486265338,221.31291912362707,28111300
2024-11-06,222.23089599609375,225.5735453041769,220.7042571772517,222.12113695305962,54561100
2024-11-07,226.98043823242188,227.37956894750107,224.0768403097807,224.13670611072257,42137700
2024-11-08,226.7107391357422,228.4088689967903,226.16134014604208,226.92049995960826,38328800
2024-11-11,223.98373413085938,225.45212091614073,221.25673663335022,224.7528927426808,42005600
2024-11-12,223.98373413085938,225.34224111445195,223.11469448970428,224.30339000560164,40398300
2024-11-13,224.8727569580078,226.4010754152989,222.5153482196322,223.76397540644066,48566200
2024-11-14,227.9693603515625,228.61864039722624,224.7528954725484,224.77287777547028,44923900
2024-11-15,224.7528839111328,226.67077335813082,224.023689933323,226.15134020310103,47923700
2024-11-18,227.7695770263672,229.4876892234719,224.92270099550518,225.00261496304853,44686000
2024-11-19,228.02928161621094,229.90722171238716,226.41106572007726,226.73070634208972,36211800
2024-11-20,228.7484893798828,229.67746064503265,225.64190448211673,227.80951934283004,35169600
2024-11-21,228.26902770996094,229.90722593821596,225.46211628612434,228.6286329426038,42108300
2024-11-22,229.61753845214844,230.46661102927646,227.80952873867182,227.80952873867182,38168300
2024-11-25,232.61424255371094,232.99383009111634,229.48769048234254,231.2058026888721,90152800
2024-11-26,234.8018341064453,235.31128373473052,233.07373841155265,233.07373841155265,45986200
2024-11-27,234.67198181152344,235.43115689965902,233.55321672420507,234.21249554010248,33498400
2024-11-29,237.06935119628906,237.5488197625333,233.71304074851764,234.55211454995276,28481400
2024-12-02,239.3268585205078,240.52553753151284,236.89953466637493,237.00941446483552,48137100
2024-12-03,242.3834991455078,242.49337894569658,238.6376176509325,239.54662188503684,38861000
2024-12-04,242.74310302734375,243.84190102311462,240.9850414761411,242.60325739533934,44383900
2024-12-05,242.7730712890625,244.2714238935446,241.86408229295347,243.72204013219255,40033900
2024-12-06,242.5732879638672,244.3613305629988,241.8141281502541,242.6432183998472,36870600
2024-12-09,246.47900390625,246.96847124510987,241.48449521514058,241.56440918324205,44649200
2024-12-10,247.4978790283203,247.93739821602466,245.0705399660552,246.61884065291167,36914800
2024-12-11,246.2192840576172,250.52454792031958,245.98952569372008,247.68767076725757,45205800
2024-12-12,247.68768310546875,248.46682524629017,245.41017310687806,246.61885092340057,32777500
2024-12-13,247.85748291015625,249.01619729452798,245.96955931284188,247.54782582286595,33155300
2024-12-16,250.7642822265625,251.10392039685559,247.3780059899919,247.71764416028498,51694800
2024-12-17,253.20159912109375,253.5512208135588,249.50566587259755,249.80533943156328,51356400
2024-12-18,247.77757263183594,254.0007260278641,247.46791553993853,251.88305927654196,56774100
2024-12-19,249.51565551757812,251.72323503929724,246.81862390484895,247.22817727073837,60882300
2024-12-20,254.21051025390625,254.71994465608725,245.42017186050566,247.76758181309805,147495300
2024-12-23,254.98965454101562,255.36922684225433,253.17164603591402,254.49020366493687,40858800
2024-12-24,257.91644287109375,257.92641115938613,255.0096198916901,255.2094124344067,23234700
2024-12-26,258.7355041503906,259.81433504408284,257.34704665632455,257.90642916266114,27237100
2024-12-27,255.30929565429688,258.41589596104086,252.78207543596488,257.54682582842287,42355300
2024-12-30,251.9230194091797,253.22159473829512,250.47461491371794,251.95298524244893,35557500
2024-12-31,250.1449737548828,253.00183336212825,249.15605553782555,252.16275955239965,39480700
2025-01-02,243.5821990966797,248.826433311358,241.55442975303322,248.65660659999048,55740700
2025-01-03,243.0927276611328,243.91181916074598,241.624340886356,243.0927276611328,40244100
2025-01-06,244.73092651367188,247.05836939894766,242.93290033169586,244.04168187374515,45045600
2025-01-07,241.94400024414062,245.28032844029428,241.08494412707995,242.71314361950866,40856000
2025-01-08,242.43344116210938,243.44234164075266,239.78635773622742,241.65429905026372,37628900
2025-01-10,236.58987426757812,239.8962364632009,232.74409661721964,239.7463920626497,61710900
2025-01-13,234.14256286621094,234.41227060505477,229.46771001708314,233.27352322575203,49630700
2025-01-14,233.02378845214844,235.8606656353981,232.21468051006943,234.49217517741417,39435300
2025-01-15,237.60874938964844,238.6975638581554,234.17252500331003,234.38230107288462,39832000
2025-01-16,228.00930786132812,237.74859991927732,227.7795647267042,237.089336348529,71759100
2025-01-17,229.7274169921875,232.03487756376998,228.22906438809179,231.86506609768284,68488300
2025-01-21,222.39547729492188,224.17352112887505,219.13906319002535,223.75398423747347,98070400
2025-01-22,223.58416748046875,223.87384226456615,219.54859611049605,219.54859611049605,64126500
2025-01-23,223.41436767578125,226.78066167492807,222.05586069453574,224.493183388126,60234800
2025-01-24,222.5353240966797,225.38220009721186,221.16683361690275,224.53312753788666,54697900
2025-01-27,229.6075439453125,231.89502211760887,223.73399710835045,223.77396171163917,94863400
2025-01-28,237.99832153320312,239.9262098046868,230.55650666713984,230.59647127201654,75707600
2025-01-29,239.0971221923828,239.5965730646729,233.75299176206667,233.86287156365174,45486100
2025-01-30,237.3290557861328,240.52553823889048,236.94948349745044,238.40787147181928,55658300
2025-01-31,235.74081420898438,246.91852728753366,233.18362815459494,246.91852728753366,101075100
2025-02-03,227.75958251953125,231.5753945205246,225.45212191586603,229.73741895869952,73063300
2025-02-04,232.54432678222656,232.87396618357337,226.40107197135944,227.00041910872287,45067300
2025-02-05,232.21469116210938,232.4144684638066,228.0193068583431,228.27901582634638,39620300
2025-02-06,232.9638671875,233.54323203112875,230.17692277145878,231.0359788855247,29925300
2025-02-07,227.3800048828125,233.74300400322835,227.0104008794231,232.3445476829273,39707200
2025-02-10,227.64999389648438,230.58999633789062,227.1999969482422,229.57000732421875,33115600
2025-02-11,232.6199951171875,235.22999572753906,228.1300048828125,228.1999969482422,53718400
2025-02-12,236.8699951171875,236.9600067138672,230.67999267578125,231.1999969482422,45243300
2025-02-13,241.52999877929688,242.33999633789062,235.57000732421875,236.91000366210938,53614100
2025-02-14,244.60000610351562,245.5500030517578,240.99000549316406,241.25,40896200
2025-02-18,244.47000122070312,245.17999267578125,241.83999633789062,244.14999389648438,48822500
2025-02-19,244.8699951171875,246.00999450683594,243.16000366210938,244.66000366210938,32204200
2025-02-20,245.8300018310547,246.77999877929688,244.2899932861328,244.94000244140625,32316900
2025-02-21,245.5500030517578,248.69000244140625,245.22000122070312,245.9499969482422,53197400
2025-02-24,247.10000610351562,248.86000061035156,244.4199981689453,244.92999267578125,51326400
2025-02-25,247.0399932861328,250.0,244.91000366210938,248.0,48013300
2025-02-26,240.36000061035156,244.97999572753906,239.1300048828125,244.3300018310547,44433600
2025-02-27,237.3000030517578,242.4600067138672,237.05999755859375,239.41000366210938,41153600
2025-02-28,241.83999633789062,242.08999633789062,230.1999969482422,236.9499969482422,56833400
2025-03-03,238.02999877929688,244.02999877929688,236.11000061035156,241.7899932861328,47184000
2025-03-04,235.92999267578125,240.07000732421875,234.67999267578125,237.7100067138672,53798100
2025-03-05,235.74000549316406,236.5500030517578,229.22999572753906,235.4199981689453,47227600
2025-03-06,235.3300018310547,237.86000061035156,233.16000366210938,234.44000244140625,45170400
2025-03-07,239.07000732421875,241.3699951171875,234.75999450683594,235.11000061035156,46273600
2025-03-10,227.47999572753906,236.16000366210938,224.22000122070312,235.5399932861328,72071200
2025-03-11,220.83999633789062,225.83999633789062,217.4499969482422,223.80999755859375,76137400
2025-03-12,216.97999572753906,221.75,214.91000366210938,220.13999938964844,62547500
2025-03-13,209.67999267578125,216.83999633789062,208.4199981689453,215.9499969482422,61368300
2025-03-14,213.49000549316406,213.9499969482422,209.5800018310547,211.25,60107600
2025-03-17,214.0,215.22000122070312,209.97000122070312,213.30999755859375,48073400
2025-03-18,212.69000244140625,215.14999389648438,211.49000549316406,214.16000366210938,42432400
2025-03-19,215.24000549316406,218.75999450683594,213.75,214.22000122070312,54385400
2025-03-20,214.10000610351562,217.49000549316406,212.22000122070312,213.99000549316406,48862900
2025-03-21,218.27000427246094,218.83999633789062,211.27999877929688,211.55999755859375,94127800
2025-03-24,220.72999572753906,221.47999572753906,218.5800018310547,221.0,44299500
2025-03-25,223.75,224.10000610351562,220.0800018310547,220.77000427246094,34493600
2025-03-26,221.52999877929688,225.02000427246094,220.47000122070312,223.50999450683594,34466100
2025-03-27,223.85000610351562,224.99000549316406,220.55999755859375,221.38999938964844,37094800
2025-03-28,217.89999389648438,223.80999755859375,217.67999267578125,221.6699981689453,39818600
2025-03-31,222.1300048828125,225.6199951171875,216.22999572753906,217.00999450683594,65299300
2025-04-01,223.19000244140625,223.67999267578125,218.89999389648438,219.80999755859375,36412700
2025-04-02,223.88999938964844,225.19000244140625,221.02000427246094,221.32000732421875,35905900
2025-04-03,203.19000244140625,207.49000549316406,201.25,205.5399932861328,103419000
2025-04-04,188.3800048828125,199.8800048828125,187.33999633789062,193.88999938964844,125910900
2025-04-07,181.4600067138672,194.14999389648438,174.6199951171875,177.1999969482422,160466300
2025-04-08,172.4199981689453,190.33999633789062,169.2100067138672,186.6999969482422,120859500
2025-04-09,198.85000610351562,200.61000061035156,171.88999938964844,171.9499969482422,184395900
2025-04-10,190.4199981689453,194.77999877929688,183.0,189.07000732421875,121880000
2025-04-11,198.14999389648438,199.5399932861328,186.05999755859375,186.10000610351562,87435900
2025-04-14,202.52000427246094,212.94000244140625,201.16000366210938,211.44000244140625,101352900
2025-04-15,202.13999938964844,203.50999450683594,199.8000030517578,201.86000061035156,51343900
2025-04-16,194.27000427246094,200.6999969482422,192.3699951171875,198.36000061035156,59732400
2025-04-17,196.97999572753906,198.8300018310547,194.4199981689453,197.1999969482422,51334300
2025-04-21,193.16000366210938,193.8000030517578,189.80999755859375,193.27000427246094,46742500
2025-04-22,199.74000549316406,201.58999633789062,195.97000122070312,196.1199951171875,52976400
2025-04-23,204.60000610351562,208.0,202.8000030517578,206.0,52929200
2025-04-24,208.3699951171875,208.8300018310547,202.94000244140625,204.88999938964844,47311000
